Datetime,SystemDemand,WindGeneration,SolarGeneration,CO2Intensity,InterconnectorFlow
2026-09-22 00:00:00,4325,1054,0,238,661
2026-09-22 00:15:00,4321,1092,0,232,722
2026-09-22 00:30:00,4254,1145,0,234,663
2026-09-22 00:45:00,4203,1152,0,237,618
2026-09-22 01:00:00,4164,1177,0,237,621
2026-09-22 01:15:00,4141,1175,0,240,613
2026-09-22 01:30:00,4088,1160,0,242,595
2026-09-22 01:45:00,4058,1190,0,243,549
2026-09-22 02:00:00,4067,1158,0,241,625
2026-09-22 02:15:00,4241,1156,0,238,696
2026-09-22 02:30:00,4211,1115,0,242,668
2026-09-22 02:45:00,4176,1120,0,248,659
2026-09-22 03:00:00,4207,1118,0,249,665
2026-09-22 03:15:00,4203,1109,0,247,669
2026-09-22 03:30:00,4153,1081,0,249,623
2026-09-22 03:45:00,4086,1060,0,252,586
2026-09-22 04:00:00,4078,1069,0,252,511
2026-09-22 04:15:00,4059,1037,0,253,486
2026-09-22 04:30:00,4024,1022,0,256,457
2026-09-22 04:45:00,4013,981,0,259,435
2026-09-22 05:00:00,4003,975,0,264,381
2026-09-22 05:15:00,4059,953,0,265,306
2026-09-22 05:30:00,4072,920,0,259,432
2026-09-22 05:45:00,4113,882,0,250,435
2026-09-22 06:00:00,4200,859,0,263,286
2026-09-22 06:15:00,4372,856,0,276,138
2026-09-22 06:30:00,4501,862,0,269,271
2026-09-22 06:45:00,4688,912,0,257,423
2026-09-22 07:00:00,4846,885,0,247,644
2026-09-22 07:15:00,5138,872,0,235,870
2026-09-22 07:30:00,5259,824,8,228,984
2026-09-22 07:45:00,5352,773,31,229,957
2026-09-22 08:00:00,5425,771,61,222,1106
2026-09-22 08:15:00,5503,734,93,223,1210
2026-09-22 08:30:00,5473,665,150,223,1270
2026-09-22 08:45:00,5481,627,226,218,1310
2026-09-22 09:00:00,5465,586,253,216,1353
2026-09-22 09:15:00,5475,567,330,212,1414
2026-09-22 09:30:00,5461,538,434,209,1382
2026-09-22 09:45:00,5421,507,540,206,1359
2026-09-22 10:00:00,5360,469,566,204,1382
2026-09-22 10:15:00,5323,435,619,203,1405
2026-09-22 10:30:00,5306,429,641,201,1405
2026-09-22 10:45:00,5271,411,697,204,1343
2026-09-22 11:00:00,5272,394,680,210,1269
2026-09-22 11:15:00,5290,394,659,208,1342
2026-09-22 11:30:00,5233,383,636,206,1393
2026-09-22 11:45:00,5224,389,599,209,1330
2026-09-22 12:00:00,5233,401,583,212,1289
2026-09-22 12:15:00,5279,423,677,204,1337
2026-09-22 12:30:00,5286,408,644,210,1337
2026-09-22 12:45:00,5301,399,667,209,1345
2026-09-22 13:00:00,5289,391,739,207,1352
2026-09-22 13:15:00,5284,396,685,211,1330
2026-09-22 13:30:00,5231,385,735,211,1255
2026-09-22 13:45:00,5245,375,799,208,1180
2026-09-22 14:00:00,5252,369,791,208,1194
2026-09-22 14:15:00,5277,361,777,209,1269
2026-09-22 14:30:00,5266,328,702,217,1242
2026-09-22 14:45:00,5290,342,720,218,1214
2026-09-22 15:00:00,5302,352,665,216,1279
2026-09-22 15:15:00,5335,357,620,212,1346
2026-09-22 15:30:00,5362,336,636,208,1421
2026-09-22 15:45:00,5407,330,549,215,1387
2026-09-22 16:00:00,5420,300,590,224,1239
2026-09-22 16:15:00,5532,289,524,242,1053
2026-09-22 16:30:00,5584,277,432,240,1075
2026-09-22 16:45:00,5646,270,329,245,1071
2026-09-22 17:00:00,5708,253,293,252,922
2026-09-22 17:15:00,5774,232,268,261,783
2026-09-22 17:30:00,5799,192,225,250,762
2026-09-22 17:45:00,5819,214,214,246,743
2026-09-22 18:00:00,5814,226,163,243,670
2026-09-22 18:15:00,5788,239,113,249,594
2026-09-22 18:30:00,5769,263,71,253,453
2026-09-22 18:45:00,5745,241,45,252,426
2026-09-22 19:00:00,5724,256,21,243,596
2026-09-22 19:15:00,5734,282,6,243,805
2026-09-22 19:30:00,5788,305,-1,238,857
2026-09-22 19:45:00,5853,322,-1,248,836
2026-09-22 20:00:00,5826,311,-1,243,1055
2026-09-22 20:15:00,5779,309,-1,239,1207
2026-09-22 20:30:00,5714,315,-1,241,1255
2026-09-22 20:45:00,5638,302,-1,248,1277
2026-09-22 21:00:00,5556,286,0,249,1287
2026-09-22 21:15:00,5452,283,0,255,1216
2026-09-22 21:30:00,5339,282,0,258,1141
2026-09-22 21:45:00,5200,276,-1,262,1066
2026-09-22 22:00:00,5069,297,0,265,991
2026-09-22 22:15:00,4938,292,0,268,999
2026-09-22 22:30:00,4834,310,0,274,953
2026-09-22 22:45:00,4751,365,0,272,953
2026-09-22 23:00:00,4639,388,0,265,950
2026-09-22 23:15:00,4619,367,0,257,1029
2026-09-22 23:30:00,4540,354,0,253,1101
2026-09-22 23:45:00,4467,362,-1,253,1179
2026-09-23 00:00:00,4397,330,0,258,1138
2026-09-23 00:15:00,4383,315,0,265,1063
2026-09-23 00:30:00,4331,315,-1,269,988
2026-09-23 00:45:00,4275,359,0,269,929
2026-09-23 01:00:00,4211,409,0,271,954
2026-09-23 01:15:00,4174,473,0,266,955
2026-09-23 01:30:00,4124,542,0,262,955
2026-09-23 01:45:00,4097,638,-1,260,882
2026-09-23 02:00:00,4097,643,0,256,931
2026-09-23 02:15:00,4264,729,0,248,990
2026-09-23 02:30:00,4226,689,0,257,915
2026-09-23 02:45:00,4195,726,0,257,866
2026-09-23 03:00:00,4166,756,0,255,866
2026-09-23 03:15:00,4140,799,0,250,866
2026-09-23 03:30:00,4104,818,0,249,866
2026-09-23 03:45:00,4074,863,0,252,832
2026-09-23 04:00:00,4054,960,0,257,776
2026-09-23 04:15:00,4045,922,0,262,716
2026-09-23 04:30:00,4006,867,0,270,671
2026-09-23 04:45:00,4018,881,0,273,617
2026-09-23 05:00:00,4032,989,0,271,472
2026-09-23 05:15:00,4048,1027,0,270,362
2026-09-23 05:30:00,4078,1020,0,265,436
2026-09-23 05:45:00,4144,1056,0,256,509
2026-09-23 06:00:00,4238,1105,0,251,540
2026-09-23 06:15:00,4426,1068,0,255,555
2026-09-23 06:30:00,4533,1046,0,256,567
2026-09-23 06:45:00,4711,907,0,253,791
2026-09-23 07:00:00,4900,860,0,238,1015
2026-09-23 07:15:00,5171,886,0,224,1188
2026-09-23 07:30:00,5272,888,8,216,1264
2026-09-23 07:45:00,5400,909,36,207,1334
2026-09-23 08:00:00,5434,846,87,205,1409
2026-09-23 08:15:00,5498,813,160,199,1484
2026-09-23 08:30:00,5453,771,225,197,1485
2026-09-23 08:45:00,5405,702,302,200,1485
2026-09-23 09:00:00,5381,636,430,196,1485
2026-09-23 09:15:00,5369,569,549,194,1462
2026-09-23 09:30:00,5334,563,638,196,1326
2026-09-23 09:45:00,5283,512,797,196,1194
2026-09-23 10:00:00,5192,521,834,191,1193
2026-09-23 10:15:00,5101,521,944,184,1162
2026-09-23 10:30:00,5068,531,990,185,1087
2026-09-23 10:45:00,5015,572,1066,183,996
2026-09-23 11:00:00,4977,597,1083,186,931
2026-09-23 11:15:00,4942,558,1039,186,1029
2026-09-23 11:30:00,4894,562,1178,174,1104
2026-09-23 11:45:00,4862,530,1186,169,1128
2026-09-23 12:00:00,4832,493,1090,175,1176
2026-09-23 12:15:00,4810,424,1159,172,1221
2026-09-23 12:30:00,4791,403,1154,169,1296
2026-09-23 12:45:00,4793,356,1258,165,1309
2026-09-23 13:00:00,4736,343,1131,175,1234
2026-09-23 13:15:00,4721,316,1221,175,1195
2026-09-23 13:30:00,4685,312,1292,166,1270
2026-09-23 13:45:00,4692,264,1203,166,1345
2026-09-23 14:00:00,4675,229,1201,165,1420
2026-09-23 14:15:00,4696,214,1236,162,1485
2026-09-23 14:30:00,4692,194,1251,161,1485
2026-09-23 14:45:00,4718,155,1103,173,1485
2026-09-23 15:00:00,4723,146,1117,169,1485
2026-09-23 15:15:00,4787,145,1213,164,1435
2026-09-23 15:30:00,4795,132,1046,179,1360
2026-09-23 15:45:00,4867,127,1161,179,1308
2026-09-23 16:00:00,4922,107,1050,197,1187
2026-09-23 16:15:00,5031,100,907,210,1112
2026-09-23 16:30:00,5147,93,788,207,1323
2026-09-23 16:45:00,5224,76,779,201,1484
2026-09-23 17:00:00,5325,80,663,210,1485
2026-09-23 17:15:00,5437,72,545,217,1485
2026-09-23 17:30:00,5503,70,464,217,1485
2026-09-23 17:45:00,5564,65,348,222,1485
2026-09-23 18:00:00,5606,60,240,218,1485
2026-09-23 18:15:00,5617,66,167,218,1485
2026-09-23 18:30:00,5611,70,126,214,1485
2026-09-23 18:45:00,5592,73,72,215,1485
2026-09-23 19:00:00,5589,89,32,215,1485
2026-09-23 19:15:00,5618,102,7,217,1485
2026-09-23 19:30:00,5680,116,-1,218,1485
2026-09-23 19:45:00,5749,130,-2,221,1485
2026-09-23 20:00:00,5756,140,-1,221,1485
2026-09-23 20:15:00,5726,162,-1,221,1485
2026-09-23 20:30:00,5676,186,-1,224,1485
2026-09-23 20:45:00,5607,213,-1,228,1485
2026-09-23 21:00:00,5514,246,-1,230,1485
2026-09-23 21:15:00,5399,294,-1,229,1485
2026-09-23 21:30:00,5271,346,-1,233,1486
2026-09-23 21:45:00,5133,424,-1,229,1485
2026-09-23 22:00:00,5012,582,-1,220,1486
2026-09-23 22:15:00,4878,790,-1,205,1417
2026-09-23 22:30:00,4741,969,-1,198,1295
2026-09-23 22:45:00,4634,1087,0,200,1146
2026-09-23 23:00:00,4505,1257,-1,195,1012
2026-09-23 23:15:00,4498,1331,0,176,1182
2026-09-23 23:30:00,4400,1456,-1,176,1110
2026-09-23 23:45:00,4325,1640,-1,174,1014
2026-09-24 00:00:00,4249,1885,-1,169,795
2026-09-24 00:15:00,4246,1931,0,179,606
2026-09-24 00:30:00,4190,1932,-1,182,544
2026-09-24 00:45:00,4131,1880,-1,181,596
2026-09-24 01:00:00,4070,1942,0,179,530
2026-09-24 01:15:00,4048,2100,0,165,462
2026-09-24 01:30:00,3981,2148,-1,173,312
2026-09-24 01:45:00,3931,2165,-1,167,216
2026-09-24 02:00:00,3958,2241,-1,164,208
2026-09-24 02:15:00,4126,2362,-1,160,203
2026-09-24 02:30:00,4089,2350,-1,161,181
2026-09-24 02:45:00,4051,2393,-1,161,128
2026-09-24 03:00:00,4024,2430,0,162,53
2026-09-24 03:15:00,4036,2515,-1,161,0
2026-09-24 03:30:00,3983,2485,-1,161,-7
2026-09-24 03:45:00,3952,2466,-1,160,13
2026-09-24 04:00:00,3892,2385,0,164,13
2026-09-24 04:15:00,3899,2366,-1,166,-3
2026-09-24 04:30:00,3853,2323,-1,168,-3
2026-09-24 04:45:00,3845,2367,0,169,-79
2026-09-24 05:00:00,3859,2436,-1,168,-123
2026-09-24 05:15:00,3915,2520,-1,169,-198
2026-09-24 05:30:00,3938,2474,0,177,-244
2026-09-24 05:45:00,4003,2455,-1,176,-200
2026-09-24 06:00:00,4094,2555,0,175,-244
2026-09-24 06:15:00,4268,2652,0,174,-244
2026-09-24 06:30:00,4383,2649,0,179,-198
2026-09-24 06:45:00,4576,2747,0,171,-75
2026-09-24 07:00:00,4760,2797,0,168,-3
2026-09-24 07:15:00,5008,2866,0,160,120
2026-09-24 07:30:00,5123,2754,8,155,271
2026-09-24 07:45:00,5241,2624,22,149,387
2026-09-24 08:00:00,5302,2692,49,149,386
2026-09-24 08:15:00,5389,2655,57,155,386
2026-09-24 08:30:00,5388,2605,75,158,358
2026-09-24 08:45:00,5412,2598,115,157,343
2026-09-24 09:00:00,5434,2498,150,149,568
2026-09-24 09:15:00,5462,2527,235,131,796
2026-09-24 09:30:00,5456,2646,231,129,714
2026-09-24 09:45:00,5446,2693,274,132,566
2026-09-24 10:00:00,5451,2711,342,130,469
2026-09-24 10:15:00,5424,2742,297,134,393
2026-09-24 10:30:00,5427,2644,287,144,318
2026-09-24 10:45:00,5412,2632,291,144,311
2026-09-24 11:00:00,5402,2637,350,138,387
2026-09-24 11:15:00,5409,2612,392,128,576
2026-09-24 11:30:00,5372,2618,457,119,662
2026-09-24 11:45:00,5320,2625,428,118,676
2026-09-24 12:00:00,5322,2626,466,119,690
2026-09-24 12:15:00,5288,2553,506,121,707
2026-09-24 12:30:00,5318,2553,495,124,675
2026-09-24 12:45:00,5297,2614,452,125,644
2026-09-24 13:00:00,5289,2673,419,127,622
2026-09-24 13:15:00,5293,2784,471,131,521
2026-09-24 13:30:00,5215,2753,545,131,503
2026-09-24 13:45:00,5186,2700,631,134,500
2026-09-24 14:00:00,5204,2942,566,124,483
2026-09-24 14:15:00,5213,2906,511,131,460
2026-09-24 14:30:00,5206,2882,458,131,467
2026-09-24 14:45:00,5182,2816,600,123,471
2026-09-24 15:00:00,5218,2874,542,124,432
2026-09-24 15:15:00,5273,2944,423,130,342
2026-09-24 15:30:00,5297,2848,429,136,277
2026-09-24 15:45:00,5277,2816,376,139,230
2026-09-24 16:00:00,5285,2878,394,143,80
2026-09-24 16:15:00,5376,2815,324,154,3
2026-09-24 16:30:00,5439,2799,262,151,144
2026-09-24 16:45:00,5561,2870,231,147,223
2026-09-24 17:00:00,5591,2788,210,159,-1
2026-09-24 17:15:00,5653,2789,194,163,-169
2026-09-24 17:30:00,5674,2759,135,160,-6
2026-09-24 17:45:00,5678,2656,98,167,127
2026-09-24 18:00:00,5691,2533,79,164,279
2026-09-24 18:15:00,5665,2477,64,160,329
2026-09-24 18:30:00,5664,2415,36,156,416
2026-09-24 18:45:00,5623,2443,25,150,492
2026-09-24 19:00:00,5625,2368,11,147,531
2026-09-24 19:15:00,5689,2419,2,139,675
2026-09-24 19:30:00,5732,2302,-1,139,734
2026-09-24 19:45:00,5735,2243,-1,139,783
2026-09-24 20:00:00,5691,2028,-1,144,881
2026-09-24 20:15:00,5630,1880,-1,154,1028
2026-09-24 20:30:00,5578,1681,-1,160,1104
2026-09-24 20:45:00,5515,1500,-1,168,1179
2026-09-24 21:00:00,5432,1430,0,166,1254
2026-09-24 21:15:00,5321,1476,0,167,1310
2026-09-24 21:30:00,5231,1511,0,167,1326
2026-09-24 21:45:00,5114,1419,0,175,1251
2026-09-24 22:00:00,5005,1427,0,171,1272
2026-09-24 22:15:00,4902,1337,0,174,1275
2026-09-24 22:30:00,4778,1267,0,180,1200
2026-09-24 22:45:00,4664,1232,0,185,1121
2026-09-24 23:00:00,4580,1241,0,187,1046
2026-09-24 23:15:00,4559,1287,0,193,912
2026-09-24 23:30:00,4466,1269,0,198,902
2026-09-24 23:45:00,4393,1306,0,204,830
2026-09-25 00:00:00,4340,1341,0,206,826
2026-09-25 00:15:00,4337,1301,0,204,902
2026-09-25 00:30:00,4271,1316,0,204,854
2026-09-25 00:45:00,4196,1230,0,211,827
2026-09-25 01:00:00,4151,1215,0,211,827
2026-09-25 01:15:00,4146,1182,0,214,827
2026-09-25 01:30:00,4105,1206,0,215,827
2026-09-25 01:45:00,4082,1147,0,219,827
2026-09-25 02:00:00,4065,1167,0,220,827
2026-09-25 02:15:00,4246,1184,0,219,901
2026-09-25 02:30:00,4204,1170,0,221,875
2026-09-25 02:45:00,4162,1126,0,224,864
2026-09-25 03:00:00,4128,1119,0,226,850
2026-09-25 03:15:00,4134,1123,0,226,834
2026-09-25 03:30:00,4101,1120,0,225,828
2026-09-25 03:45:00,4064,1112,0,222,827
2026-09-25 04:00:00,4036,1111,0,222,827
2026-09-25 04:15:00,4026,1128,0,220,815
2026-09-25 04:30:00,4008,1099,0,218,848
2026-09-25 04:45:00,4001,1130,0,219,777
2026-09-25 05:00:00,3995,1121,0,229,627
2026-09-25 05:15:00,4050,1264,0,230,476
2026-09-25 05:30:00,4053,1324,0,226,472
2026-09-25 05:45:00,4114,1273,0,221,621
2026-09-25 06:00:00,4205,1233,0,222,660
2026-09-25 06:15:00,4373,1205,0,223,712
2026-09-25 06:30:00,4478,1173,0,211,936
2026-09-25 06:45:00,4642,1099,0,200,1162
2026-09-25 07:00:00,4816,1083,0,188,1312
2026-09-25 07:15:00,5060,1036,0,191,1395
2026-09-25 07:30:00,5201,1002,0,184,1470
2026-09-25 07:45:00,5300,998,7,180,1485
2026-09-25 08:00:00,5372,1023,30,180,1485
2026-09-25 08:15:00,5471,959,53,179,1486
2026-09-25 08:30:00,5484,933,82,180,1485
2026-09-25 08:45:00,5516,873,112,184,1485
2026-09-25 09:00:00,5530,849,154,183,1485
2026-09-25 09:15:00,5540,829,185,182,1485
2026-09-25 09:30:00,5536,806,224,182,1485
2026-09-25 09:45:00,5512,813,278,187,1485
2026-09-25 10:00:00,5465,779,328,186,1485
2026-09-25 10:15:00,5402,803,380,179,1475
2026-09-25 10:30:00,5356,843,367,180,1400
2026-09-25 10:45:00,5306,961,438,173,1325
2026-09-25 11:00:00,5254,1005,510,170,1250
2026-09-25 11:15:00,5210,987,524,179,1122
2026-09-25 11:30:00,5176,980,630,178,1076
2026-09-25 11:45:00,5129,1000,708,176,1017
2026-09-25 12:00:00,5059,1128,759,176,909
2026-09-25 12:15:00,5027,1209,801,175,846
2026-09-25 12:30:00,5026,1222,784,174,916
2026-09-25 12:45:00,5043,1297,768,177,844
2026-09-25 13:00:00,5053,1391,826,170,771
2026-09-25 13:15:00,4946,1470,812,167,697
2026-09-25 13:30:00,4891,1536,820,165,622
2026-09-25 13:45:00,4872,1596,822,168,503
2026-09-25 14:00:00,4827,1596,780,175,409
2026-09-25 14:15:00,4811,1537,928,174,317
2026-09-25 14:30:00,4766,1600,861,179,244
2026-09-25 14:45:00,4743,1661,859,180,164
2026-09-25 15:00:00,4760,1832,730,182,89
2026-09-25 15:15:00,4786,1697,793,195,-54
2026-09-25 15:30:00,4799,1612,672,199,-33
2026-09-25 15:45:00,4809,1662,575,206,-63
2026-09-25 16:00:00,4825,1754,672,202,-213
2026-09-25 16:15:00,4841,1809,662,208,-390
2026-09-25 16:30:00,4865,1769,670,205,-297
2026-09-25 16:45:00,4945,1833,764,193,-221
2026-09-25 17:00:00,4972,1865,582,200,-150
2026-09-25 17:15:00,5069,1971,410,199,-76
2026-09-25 17:30:00,5155,2293,419,177,-3
2026-09-25 17:45:00,5228,2260,338,179,96
2026-09-25 18:00:00,5248,2110,257,174,-3
2026-09-25 18:15:00,5305,2218,182,175,-153
2026-09-25 18:30:00,5340,2194,118,174,-208
2026-09-25 18:45:00,5328,2279,77,172,-235
2026-09-25 19:00:00,5314,2231,31,176,-239
2026-09-25 19:15:00,5328,2181,9,183,-252
2026-09-25 19:30:00,5384,2359,1,172,-220
2026-09-25 19:45:00,5461,2410,-1,178,-216
2026-09-25 20:00:00,5454,2623,-1,167,-149
2026-09-25 20:15:00,5408,2781,-1,163,-118
2026-09-25 20:30:00,5357,2930,-1,155,-42
2026-09-25 20:45:00,5293,3003,0,155,-29
2026-09-25 21:00:00,5193,3040,0,154,-141
2026-09-25 21:15:00,5102,3056,0,160,-235
2026-09-25 21:30:00,4995,3074,0,165,-357
2026-09-25 21:45:00,4910,3072,0,166,-421
2026-09-25 22:00:00,4826,3174,0,153,-347
2026-09-25 22:15:00,4744,3152,0,148,-272
2026-09-25 22:30:00,4672,3086,-1,149,-263
2026-09-25 22:45:00,4566,2995,0,156,-314
2026-09-25 23:00:00,4486,2962,0,157,-335
2026-09-25 23:15:00,4474,2934,0,153,-236
2026-09-25 23:30:00,4373,2919,0,149,-184
2026-09-25 23:45:00,4317,2856,0,146,-109
2026-09-26 00:00:00,4244,2875,0,127,-106
2026-09-26 00:15:00,4234,2869,0,127,-101
2026-09-26 00:30:00,4170,2842,0,125,-58
2026-09-26 00:45:00,4105,2841,0,125,-72
2026-09-26 01:00:00,4047,2770,0,129,-4
2026-09-26 01:15:00,4029,2745,-1,129,-4
2026-09-26 01:30:00,3964,2640,0,134,-4
2026-09-26 01:45:00,3922,2559,0,138,-11
2026-09-26 02:00:00,3921,2585,-1,134,-4
2026-09-26 02:15:00,4087,2627,0,132,71
2026-09-26 02:30:00,4085,2561,-1,130,157
2026-09-26 02:45:00,4041,2519,-1,115,307
2026-09-26 03:00:00,4019,2509,0,114,326
2026-09-26 03:15:00,4001,2494,-1,115,313
2026-09-26 03:30:00,3928,2362,0,120,315
2026-09-26 03:45:00,3892,2246,-1,121,387
2026-09-26 04:00:00,3876,2215,-1,119,463
2026-09-26 04:15:00,3859,2167,0,119,509
2026-09-26 04:30:00,3844,2129,0,121,509
2026-09-26 04:45:00,3816,2107,0,122,489
2026-09-26 05:00:00,3850,2138,0,122,485
2026-09-26 05:15:00,3831,2098,0,122,476
2026-09-26 05:30:00,3824,2061,0,122,509
2026-09-26 05:45:00,3837,2043,0,120,555
2026-09-26 06:00:00,3875,2002,0,121,587
2026-09-26 06:15:00,3958,2053,-1,119,607
2026-09-26 06:30:00,4027,1887,0,116,683
2026-09-26 06:45:00,4090,1905,-1,113,753
2026-09-26 07:00:00,4142,1922,0,112,678
2026-09-26 07:15:00,4217,1882,-1,113,677
2026-09-26 07:30:00,4281,2000,9,105,758
2026-09-26 07:45:00,4361,1971,34,103,831
2026-09-26 08:00:00,4442,1810,74,102,1052
2026-09-26 08:15:00,4542,1820,135,99,1271
2026-09-26 08:30:00,4600,1808,217,95,1332
2026-09-26 08:45:00,4657,1843,303,95,1288
2026-09-26 09:00:00,4697,1837,388,98,1311
2026-09-26 09:15:00,4750,1813,444,94,1378
2026-09-26 09:30:00,4732,1694,472,99,1452
2026-09-26 09:45:00,4720,1672,483,100,1435
2026-09-26 10:00:00,4716,1710,542,101,1359
2026-09-26 10:15:00,4715,1805,516,103,1254
2026-09-26 10:30:00,4711,1886,547,102,1155
2026-09-26 10:45:00,4704,1986,594,101,1028
2026-09-26 11:00:00,4654,1971,568,104,1025
2026-09-26 11:15:00,4622,1996,570,106,1001
2026-09-26 11:30:00,4585,1977,619,106,955
2026-09-26 11:45:00,4554,1978,626,106,923
2026-09-26 12:00:00,4488,2061,647,108,850
2026-09-26 12:15:00,4473,2121,657,111,731
2026-09-26 12:30:00,4467,2196,608,110,724
2026-09-26 12:45:00,4424,2219,610,112,711
2026-09-26 13:00:00,4404,2225,654,112,637
2026-09-26 13:15:00,4388,2304,642,114,501
2026-09-26 13:30:00,4365,2263,610,129,434
2026-09-26 13:45:00,4289,2141,629,131,363
2026-09-26 14:00:00,4286,2252,596,135,155
2026-09-26 14:15:00,4273,2367,676,135,-71
2026-09-26 14:30:00,4260,2454,643,132,-155
2026-09-26 14:45:00,4307,2586,632,126,-250
2026-09-26 15:00:00,4319,2688,552,126,-325
2026-09-26 15:15:00,4338,2657,560,126,-407
2026-09-26 15:30:00,4352,2569,647,124,-374
2026-09-26 15:45:00,4369,2553,628,125,-346
2026-09-26 16:00:00,4407,2643,598,125,-373
2026-09-26 16:15:00,4518,2813,570,123,-447
2026-09-26 16:30:00,4598,2920,453,121,-379
2026-09-26 16:45:00,4671,2932,413,118,-247
2026-09-26 17:00:00,4739,2901,399,114,-95
2026-09-26 17:15:00,4826,3115,376,94,29
2026-09-26 17:30:00,4929,3288,302,92,23
2026-09-26 17:45:00,5045,3235,236,91,135
2026-09-26 18:00:00,5069,3024,174,86,147
2026-09-26 18:15:00,5071,2856,121,90,195
2026-09-26 18:30:00,5075,2709,87,87,271
2026-09-26 18:45:00,5070,2686,52,87,347
2026-09-26 19:00:00,5101,2759,22,86,479
2026-09-26 19:15:00,5131,2834,5,85,632
2026-09-26 19:30:00,5165,2889,-1,86,700
2026-09-26 19:45:00,5182,2918,-1,88,738
2026-09-26 20:00:00,5112,2895,-1,88,812
2026-09-26 20:15:00,5061,2798,-1,91,855
2026-09-26 20:30:00,4999,2792,0,90,846
2026-09-26 20:45:00,4896,2666,0,94,774
2026-09-26 21:00:00,4818,2745,0,93,700
2026-09-26 21:15:00,4745,2817,0,95,624
2026-09-26 21:30:00,4640,2733,0,96,640
2026-09-26 21:45:00,4543,2633,0,100,601
2026-09-26 22:00:00,4503,2715,-1,101,469
2026-09-26 22:15:00,4393,2709,0,106,338
2026-09-26 22:30:00,4324,2747,0,107,272
2026-09-26 22:45:00,4260,2766,-1,107,215
2026-09-26 23:00:00,4182,2726,-1,111,158
2026-09-26 23:15:00,4168,2671,-1,108,264
2026-09-26 23:30:00,4128,2691,0,111,169
2026-09-26 23:45:00,4085,2803,-1,111,98
2026-09-27 00:00:00,4012,2705,0,112,142
2026-09-27 00:15:00,4019,2689,-1,111,181
2026-09-27 00:30:00,3949,2639,-1,113,161
2026-09-27 00:45:00,3906,2663,0,115,90
2026-09-27 01:00:00,3863,2673,-1,117,15
2026-09-27 01:15:00,3856,2676,-1,118,1
2026-09-27 01:30:00,3786,2620,-1,119,-4
2026-09-27 01:45:00,3748,2635,-1,122,-79
2026-09-27 02:00:00,3752,2602,0,120,-4
2026-09-27 02:15:00,3924,2742,-1,116,6
2026-09-27 02:30:00,3883,2666,0,116,52
2026-09-27 02:45:00,3825,2594,0,117,71
2026-09-27 03:00:00,3820,2610,-1,121,-4
2026-09-27 03:15:00,3805,2654,0,118,-6
2026-09-27 03:30:00,3758,2579,-1,122,-9
2026-09-27 03:45:00,3721,2604,-1,120,-12
2026-09-27 04:00:00,3677,2574,0,120,-4
2026-09-27 04:15:00,3680,2528,0,123,-4
2026-09-27 04:30:00,3699,2583,0,122,-4
2026-09-27 04:45:00,3659,2527,0,124,-4
2026-09-27 05:00:00,3642,2505,0,125,-4
2026-09-27 05:15:00,3656,2416,0,128,12
2026-09-27 05:30:00,3667,2371,-1,129,57
2026-09-27 05:45:00,3643,2168,0,137,136
2026-09-27 06:00:00,3690,2082,-1,136,289
2026-09-27 06:15:00,3721,1779,0,145,495
2026-09-27 06:30:00,3758,1606,-1,147,682
2026-09-27 06:45:00,3816,1580,0,138,829
2026-09-27 07:00:00,3884,1451,0,129,1051
2026-09-27 07:15:00,3965,1353,0,128,1190
2026-09-27 07:30:00,4007,1219,-1,128,1339
2026-09-27 07:45:00,4075,1090,-1,129,1460
2026-09-27 08:00:00,4146,1103,5,129,1485
2026-09-27 08:15:00,4250,1057,9,131,1486
2026-09-27 08:30:00,4332,1020,17,131,1485
2026-09-27 08:45:00,4440,1051,32,128,1485
2026-09-27 09:00:00,4542,1101,43,129,1485
2026-09-27 09:15:00,4656,1180,64,127,1484
2026-09-27 09:30:00,4701,1101,112,132,1485
2026-09-27 09:45:00,4772,1210,123,132,1485
2026-09-27 10:00:00,4824,1246,181,128,1485
2026-09-27 10:15:00,4860,1300,261,116,1485
2026-09-27 10:30:00,4866,1177,350,123,1484
2026-09-27 10:45:00,4881,1197,406,123,1485
2026-09-27 11:00:00,4847,1261,482,118,1485
2026-09-27 11:15:00,4858,1274,476,124,1485
2026-09-27 11:30:00,4853,1330,652,116,1485
2026-09-27 11:45:00,4817,1566,617,98,1486
2026-09-27 12:00:00,4780,1687,573,95,1484
2026-09-27 12:15:00,4774,1688,515,98,1485
2026-09-27 12:30:00,4778,1672,618,94,1486
2026-09-27 12:45:00,4761,1807,463,95,1485
2026-09-27 13:00:00,4711,1808,553,93,1485
2026-09-27 13:15:00,4618,1681,493,102,1485
2026-09-27 13:30:00,4564,1645,466,104,1485
2026-09-27 13:45:00,4472,1584,524,105,1465
2026-09-27 14:00:00,4424,1650,475,109,1387
2026-09-27 14:15:00,4332,1627,488,113,1307
2026-09-27 14:30:00,4267,1653,438,116,1238
2026-09-27 14:45:00,4231,1657,518,116,1096
2026-09-27 15:00:00,4244,1766,427,120,927
2026-09-27 15:15:00,4211,1852,451,119,759
2026-09-27 15:30:00,4250,1971,498,113,674
2026-09-27 15:45:00,4222,1899,495,111,611
2026-09-27 16:00:00,4244,2155,507,111,386
2026-09-27 16:15:00,4324,2364,571,111,171
2026-09-27 16:30:00,4406,2383,538,106,233
2026-09-27 16:45:00,4477,2333,513,104,315
2026-09-27 17:00:00,4615,2476,580,101,237
2026-09-27 17:15:00,4761,2621,591,100,164
2026-09-27 17:30:00,4853,2484,463,107,315
2026-09-27 17:45:00,4913,2290,334,120,468
2026-09-27 18:00:00,4965,2092,289,124,675
2026-09-27 18:15:00,4996,1848,187,128,900
2026-09-27 18:30:00,5013,1638,116,134,1091
2026-09-27 18:45:00,5048,1514,63,132,1236
2026-09-27 19:00:00,5064,1478,32,130,1312
2026-09-27 19:15:00,5122,1428,7,120,1387
2026-09-27 19:30:00,5225,1455,-1,114,1462
2026-09-27 19:45:00,5272,1455,-1,113,1485
2026-09-27 20:00:00,5263,1312,-1,109,1485
2026-09-27 20:15:00,5195,1334,-1,106,1485
2026-09-27 20:30:00,5144,1258,-1,108,1485
2026-09-27 20:45:00,5080,1178,-1,113,1485
2026-09-27 21:00:00,4990,1060,0,119,1485
2026-09-27 21:15:00,4886,1079,0,133,1485
2026-09-27 21:30:00,4783,1036,0,133,1485
2026-09-27 21:45:00,4694,986,0,143,1485
2026-09-27 22:00:00,4593,991,0,142,1485
2026-09-27 22:15:00,4514,936,0,152,1485
2026-09-27 22:30:00,4392,920,0,160,1485
2026-09-27 22:45:00,4323,921,0,158,1466
2026-09-27 23:00:00,4234,940,0,157,1456
2026-09-27 23:15:00,4225,937,0,159,1404
2026-09-27 23:30:00,4141,903,0,164,1330
2026-09-27 23:45:00,4073,967,0,165,1210
2026-09-28 00:00:00,4016,1002,0,171,1119
2026-09-28 00:15:00,4020,985,0,177,1074
2026-09-28 00:30:00,3957,994,0,180,999
2026-09-28 00:45:00,3919,1066,0,177,937
2026-09-28 01:00:00,3859,1081,0,179,886
2026-09-28 01:15:00,3865,1034,0,181,928
2026-09-28 01:30:00,3815,999,0,180,962
2026-09-28 01:45:00,3793,1074,0,169,983
2026-09-28 02:00:00,3800,1090,0,164,1045
2026-09-28 02:15:00,3978,1066,0,164,1112
2026-09-28 02:30:00,3950,999,0,170,1102
2026-09-28 02:45:00,3917,992,0,168,1112
2026-09-28 03:00:00,3893,1006,0,167,1095
2026-09-28 03:15:00,3883,1036,0,163,1100
2026-09-28 03:30:00,3862,950,0,175,1025
2026-09-28 03:45:00,3827,910,0,182,950
2026-09-28 04:00:00,3804,902,0,181,949
2026-09-28 04:15:00,3788,891,0,182,923
2026-09-28 04:30:00,3789,978,0,179,952
2026-09-28 04:45:00,3789,995,0,173,1002
2026-09-28 05:00:00,3809,1031,0,183,834
2026-09-28 05:15:00,3865,1202,0,187,646
2026-09-28 05:30:00,3874,1134,0,175,719
2026-09-28 05:45:00,3966,1038,0,169,866
2026-09-28 06:00:00,4052,1051,0,180,757
2026-09-28 06:15:00,4253,1151,0,187,646
2026-09-28 06:30:00,4359,1118,0,187,813
2026-09-28 06:45:00,4536,1157,0,171,1028
2026-09-28 07:00:00,4746,1127,0,161,1118
2026-09-28 07:15:00,4994,1122,0,160,1175
2026-09-28 07:30:00,5101,1118,3,156,1234
2026-09-28 07:45:00,5230,1101,22,149,1277
2026-09-28 08:00:00,5307,1080,75,149,1408
2026-09-28 08:15:00,5374,1143,153,144,1484
2026-09-28 08:30:00,5357,1122,263,139,1485
2026-09-28 08:45:00,5359,1125,371,134,1485
2026-09-28 09:00:00,5360,1081,498,134,1485
2026-09-28 09:15:00,5373,982,579,142,1485
2026-09-28 09:30:00,5328,948,650,141,1451
2026-09-28 09:45:00,5324,920,608,150,1376
2026-09-28 10:00:00,5230,884,728,146,1343
2026-09-28 10:15:00,5175,901,654,146,1304
2026-09-28 10:30:00,5168,896,844,141,1228
2026-09-28 10:45:00,5116,814,962,141,1153
2026-09-28 11:00:00,5034,713,1100,143,1078
2026-09-28 11:15:00,4962,768,1172,143,969
2026-09-28 11:30:00,4884,810,1209,137,955
2026-09-28 11:45:00,4838,805,1208,133,989
2026-09-28 12:00:00,4796,841,1198,134,956
2026-09-28 12:15:00,4779,883,1194,135,936
2026-09-28 12:30:00,4752,939,1239,127,1018
2026-09-28 12:45:00,4741,1019,1204,118,1100
2026-09-28 13:00:00,4717,1152,1189,119,1016
2026-09-28 13:15:00,4701,1174,1145,129,934
2026-09-28 13:30:00,4662,1258,1124,130,863
2026-09-28 13:45:00,4664,1329,1082,130,826
2026-09-28 14:00:00,4614,1427,1103,132,621
2026-09-28 14:15:00,4636,1549,1123,130,397
2026-09-28 14:30:00,4610,1621,1176,132,324
2026-09-28 14:45:00,4626,1682,1169,137,243
2026-09-28 15:00:00,4677,1639,1073,149,217
2026-09-28 15:15:00,4712,1705,1008,149,204
2026-09-28 15:30:00,4781,1813,864,157,148
2026-09-28 15:45:00,4858,1754,959,161,92
2026-09-28 16:00:00,4909,1849,760,169,72
2026-09-28 16:15:00,5029,1796,729,176,50
2026-09-28 16:30:00,5085,1780,650,177,64
2026-09-28 16:45:00,5178,1767,532,182,65
2026-09-28 17:00:00,5274,1834,510,181,-80
2026-09-28 17:15:00,5376,1777,387,190,-144
2026-09-28 17:30:00,5461,1782,292,195,-140
2026-09-28 17:45:00,5510,1876,250,191,-93
2026-09-28 18:00:00,5546,1874,197,179,-194
2026-09-28 18:15:00,5552,1912,129,181,-348
2026-09-28 18:30:00,5578,1930,79,198,-428
2026-09-28 18:45:00,5574,1979,42,190,-386
2026-09-28 19:00:00,5569,2003,14,199,-303
2026-09-28 19:15:00,5632,2172,0,197,-231
2026-09-28 19:30:00,5707,2305,-1,187,-200
2026-09-28 19:45:00,5722,2447,-1,186,-211
2026-09-28 20:00:00,5698,2533,0,179,-190
2026-09-28 20:15:00,5633,2715,0,176,-93
2026-09-28 20:30:00,5556,2849,0,167,-115
2026-09-28 20:45:00,5477,2894,0,166,-173
2026-09-28 21:00:00,5393,3008,0,153,-86
2026-09-28 21:15:00,5249,3005,0,145,-10
2026-09-28 21:30:00,5155,3085,0,149,-220
2026-09-28 21:45:00,5058,3137,0,156,-433
2026-09-28 22:00:00,4953,3099,0,151,-270
2026-09-28 22:15:00,4825,3080,0,141,-167
2026-09-28 22:30:00,4703,3111,0,141,-253
2026-09-28 22:45:00,4584,3083,0,139,-253
2026-09-28 23:00:00,4485,3131,0,133,-253
2026-09-28 23:15:00,4464,3051,0,130,-105
2026-09-28 23:30:00,4353,2860,0,129,47
2026-09-28 23:45:00,4278,2771,0,135,114
