Datetime,DAM_Price,DAM_Volume,IDA1_Price,IDA1_Volume,IDA2_Price,IDA2_Volume,IDA3_Price,IDA3_Volume,ISP,DAM_Spread_to_ISP,IDA1_Spread_to_ISP,IDA2_Spread_to_ISP,IDA3_Spread_to_ISP,GB_DA_Price
2026-09-26 23:00:00,185.97,1019.4,186.71,180.5,,,,,278.79,-92.82000000000002,-92.08000000000001,,,184.95
2026-09-26 23:30:00,181.37,1034.0,185.09,190.7,,,,,249.41,-68.03999999999999,-64.32,,,184.95
2026-09-27 00:00:00,178.0,943.9,180.33,147.1,,,,,268.94,-90.94,-88.60999999999999,,,179.99
2026-09-27 00:30:00,172.42,946.3,176.72,169.5,,,,,285.5,-113.08000000000001,-108.78,,,179.99
2026-09-27 01:00:00,171.0,936.9,184.13,153.3,,,,,243.94,-72.94,-59.81,,,174.2
2026-09-27 01:30:00,165.01,872.3,177.15,196.9,,,,,263.71,-98.69999999999999,-86.55999999999997,,,174.2
2026-09-27 02:00:00,164.37,875.7,170.56,161.5,,,,,249.45,-85.07999999999998,-78.88999999999999,,,166.23
2026-09-27 02:30:00,162.33,962.7,167.49,176.3,,,,,209.88,-47.54999999999998,-42.389999999999986,,,166.23
2026-09-27 03:00:00,159.61,911.7,175.35,133.4,,,,,267.85,-108.24000000000001,-92.50000000000003,,,162.43
2026-09-27 03:30:00,155.0,945.9,165.0,171.2,,,,,275.03,-120.02999999999997,-110.02999999999997,,,162.43
2026-09-27 04:00:00,152.0,949.4,160.04,133.1,,,,,292.14,-140.14,-132.1,,,156.55
2026-09-27 04:30:00,150.73,993.6,159.16,162.5,,,,,301.44,-150.71,-142.28,,,156.55
2026-09-27 05:00:00,148.59,974.4,163.8,165.1,,,,,301.77,-153.17999999999998,-137.96999999999997,,,148.59
2026-09-27 05:30:00,148.07,952.0,161.44,140.9,,,,,263.02,-114.94999999999999,-101.57999999999998,,,148.59
2026-09-27 06:00:00,140.64,1062.3,159.31,235.3,,,,,253.04,-112.4,-93.72999999999999,,,139.34
2026-09-27 06:30:00,144.19,1177.0,157.8,339.4,,,,,268.07,-123.88,-110.26999999999998,,,139.34
2026-09-27 07:00:00,138.64,1300.7,136.03,437.3,,,,,265.1,-126.46000000000004,-129.07000000000002,,,132.94
2026-09-27 07:30:00,154.4,1453.1,150.03,595.4,,,,,257.38,-102.97999999999999,-107.35,,,132.94
2026-09-27 08:00:00,163.24,1645.6,184.4,756.3,,,,,269.53,-106.28999999999996,-85.12999999999997,,,73.34
2026-09-27 08:30:00,190.95,1630.1,230.69,773.3,,,,,265.04,-74.09000000000003,-34.35000000000002,,,73.34
2026-09-27 09:00:00,213.2,1639.4,255.07,782.6,,,,,292.94,-79.74000000000001,-37.870000000000005,,,33.58
2026-09-27 09:30:00,233.12,1604.7,260.21,819.8,,,,,291.5,-58.379999999999995,-31.29000000000002,,,33.58
2026-09-27 10:00:00,240.71,1507.0,260.21,831.4,,,,,290.0,-49.28999999999999,-29.79000000000002,,,4.67
2026-09-27 10:30:00,234.14,1406.6,251.7,805.6,,,,,287.06,-52.920000000000016,-35.360000000000014,,,4.67
2026-09-27 11:00:00,195.72,1422.9,219.06,861.1,229.6,80.5,,,381.17,-185.45000000000002,-162.11,-151.57000000000002,,5.05
2026-09-27 11:30:00,150.0,1326.8,155.0,794.0,166.0,64.4,,,271.23,-121.23000000000002,-116.23000000000002,-105.23000000000002,,5.05
2026-09-27 12:00:00,115.0,1251.4,95.0,727.3,114.77,75.2,,,258.23,-143.23000000000002,-163.23000000000002,-143.46000000000004,,4.99
2026-09-27 12:30:00,68.74,1302.1,64.89,792.2,90.0,77.1,,,288.53,-219.78999999999996,-223.64,-198.52999999999997,,4.99
2026-09-27 13:00:00,35.0,1165.3,17.84,628.2,30.84,57.1,,,48.33,-13.329999999999998,-30.49,-17.49,,4.67
2026-09-27 13:30:00,20.08,1152.5,5.03,590.6,6.7,59.0,,,0.0,20.08,5.03,6.7,,4.67
2026-09-27 14:00:00,15.0,1182.7,5.97,476.8,1.07,75.9,,,0.0,15.0,5.97,1.07,,5.03
2026-09-27 14:30:00,14.73,1206.1,9.53,428.2,7.98,55.4,,,0.0,14.73,9.53,7.98,,5.03
2026-09-27 15:00:00,33.02,1169.4,10.57,404.0,11.55,75.7,,,0.0,33.02,10.57,11.55,,30.15
2026-09-27 15:30:00,44.27,1226.0,40.0,371.5,27.22,55.4,,,0.0,44.27,40.0,27.22,,30.15
2026-09-27 16:00:00,103.65,1098.3,95.35,210.1,126.58,61.3,,,6.73,96.92,88.61999999999999,119.85,,110.65
2026-09-27 16:30:00,119.98,1158.0,127.82,269.6,118.13,61.2,,,16.38,103.60000000000001,111.44,101.75,,110.65
2026-09-27 17:00:00,174.75,973.2,141.78,167.8,155.0,54.5,185.0,15.1,104.01,70.74,37.769999999999996,50.989999999999995,80.99,182.94
2026-09-27 17:30:00,191.47,1021.7,177.18,300.3,187.28,78.4,251.64,16.8,145.63,45.84,31.55000000000001,41.650000000000006,106.00999999999999,182.94
2026-09-27 18:00:00,213.16,1184.8,201.1,530.5,195.7,40.0,239.99,9.8,123.91,89.25,77.19,71.78999999999999,116.08000000000001,201.51
2026-09-27 18:30:00,235.64,1223.5,215.5,636.7,213.89,39.3,248.09,21.8,188.85,46.78999999999999,26.650000000000006,25.039999999999992,59.24000000000001,201.51
2026-09-27 19:00:00,235.72,1215.5,206.97,685.9,215.53,29.4,225.0,25.2,137.36,98.35999999999999,69.60999999999999,78.16999999999999,87.63999999999999,200.76
2026-09-27 19:30:00,255.0,1353.8,218.04,803.2,228.85,35.9,225.0,5.5,144.83,110.16999999999999,73.20999999999998,84.01999999999998,80.16999999999999,200.76
2026-09-27 20:00:00,253.85,1209.0,212.85,780.4,247.71,30.3,225.0,7.3,139.25,114.6,73.6,108.46000000000001,85.75,194.1
2026-09-27 20:30:00,245.58,1206.3,206.16,813.0,237.3,35.0,225.0,5.3,139.33,106.25,66.82999999999998,97.97,85.66999999999999,194.1
2026-09-27 21:00:00,290.0,1341.3,248.02,830.6,240.0,48.1,248.9,8.8,262.62,27.379999999999995,-14.599999999999994,-22.620000000000005,-13.719999999999999,183.8
2026-09-27 21:30:00,255.0,1329.0,226.18,857.0,214.83,45.4,274.83,11.7,262.28,-7.279999999999973,-36.099999999999966,-47.44999999999996,12.550000000000011,183.8
2026-09-27 22:00:00,239.92,1292.4,185.08,841.3,209.1,23.6,215.92,12.4,262.05,-22.130000000000024,-76.97,-52.95000000000002,-46.130000000000024,171.33
2026-09-27 22:30:00,216.11,1265.9,156.44,879.6,157.99,38.6,178.8,24.8,55.09,161.02,101.35,102.9,123.71000000000001,171.33
2026-09-27 23:00:00,191.15,881.3,184.27,575.4,,,,,146.0,45.150000000000006,38.27000000000001,,,156.19
2026-09-27 23:30:00,172.5,844.5,174.25,548.6,,,,,129.9,42.599999999999994,44.349999999999994,,,156.19
2026-09-28 00:00:00,169.9,766.4,176.02,463.1,,,,,142.82,27.080000000000013,33.20000000000002,,,162.31
2026-09-28 00:30:00,168.14,777.7,176.03,439.0,,,,,123.89,44.249999999999986,52.14,,,162.31
2026-09-28 01:00:00,170.02,780.5,175.01,455.8,,,,,109.96,60.06000000000002,65.05,,,163.11
2026-09-28 01:30:00,168.95,753.6,171.0,449.3,,,,,113.67,55.27999999999999,57.33,,,163.11
2026-09-28 02:00:00,176.02,758.5,172.82,472.7,,,,,131.91,44.110000000000014,40.91,,,167.09
2026-09-28 02:30:00,178.1,749.4,176.0,457.9,,,,,131.99,46.109999999999985,44.00999999999999,,,167.09
2026-09-28 03:00:00,180.06,729.1,176.38,426.3,,,,,129.14,50.920000000000016,47.24000000000001,,,171.67
2026-09-28 03:30:00,180.02,700.1,176.34,408.3,,,,,134.28,45.74000000000001,42.06,,,171.67
2026-09-28 04:00:00,186.4,651.9,179.79,356.5,,,,,145.37,41.03,34.41999999999999,,,181.44
2026-09-28 04:30:00,187.26,621.1,177.85,336.8,,,,,130.53,56.72999999999999,47.31999999999999,,,181.44
2026-09-28 05:00:00,207.55,632.7,202.32,322.1,,,,,114.76,92.79,87.55999999999999,,,207.55
2026-09-28 05:30:00,210.87,666.9,202.84,276.1,,,,,128.64,82.23000000000002,74.20000000000002,,,207.55
2026-09-28 06:00:00,230.0,754.6,221.59,369.9,,,,,143.27,86.72999999999999,78.32,,,235.24
2026-09-28 06:30:00,243.2,828.1,236.86,427.3,,,,,143.0,100.19999999999999,93.86000000000001,,,235.24
2026-09-28 07:00:00,242.43,885.7,228.48,458.0,,,,,130.49,111.94,97.98999999999998,,,234.95
2026-09-28 07:30:00,252.32,968.5,242.06,533.8,,,,,128.64,123.68,113.42000000000002,,,234.95
2026-09-28 08:00:00,260.84,1008.8,251.88,646.0,,,,,135.69,125.14999999999998,116.19,,,224.02
2026-09-28 08:30:00,258.97,1054.1,249.9,650.5,,,,,130.22,128.75000000000003,119.68,,,224.02
2026-09-28 09:00:00,235.0,1062.0,231.35,612.8,,,,,143.16,91.84,88.19,,,198.88
2026-09-28 09:30:00,214.08,1082.0,207.78,539.7,,,,,142.19,71.89000000000001,65.59,,,198.88
2026-09-28 10:00:00,200.6,1087.4,205.09,487.9,,,,,140.18,60.41999999999999,64.91,,,170.97
2026-09-28 10:30:00,180.3,1095.1,178.16,453.7,,,,,138.49,41.81,39.66999999999999,,,170.97
2026-09-28 11:00:00,164.79,1098.2,165.04,505.4,157.4,50.0,,,119.77,45.019999999999996,45.269999999999996,37.63000000000001,,144.26
2026-09-28 11:30:00,165.0,1127.7,165.0,555.8,160.0,55.8,,,88.79,76.21,76.21,71.21,,144.26
2026-09-28 12:00:00,164.79,1167.0,161.57,525.5,147.11,43.0,,,74.3,90.49,87.27,72.81000000000002,,139.83
2026-09-28 12:30:00,164.79,1202.1,164.99,554.0,151.68,68.4,,,70.35,94.44,94.64000000000001,81.33000000000001,,139.83
2026-09-28 13:00:00,162.75,1160.0,165.0,497.9,157.37,57.2,,,117.16,45.59,47.84,40.21000000000001,,145.56
2026-09-28 13:30:00,161.23,1103.9,166.0,464.7,155.1,42.7,,,124.8,36.42999999999999,41.2,30.299999999999997,,145.56
2026-09-28 14:00:00,168.71,1028.9,166.17,365.3,162.34,38.5,,,98.17,70.54,67.99999999999999,64.17,,164.27
2026-09-28 14:30:00,171.26,998.8,177.08,343.9,170.66,41.5,,,88.62,82.63999999999999,88.46000000000001,82.03999999999999,,164.27
2026-09-28 15:00:00,187.44,999.4,199.7,337.1,182.47,43.9,,,103.16,84.28,96.53999999999999,79.31,,186.44
2026-09-28 15:30:00,196.02,1006.2,216.6,387.0,196.15,38.9,,,110.57,85.45000000000002,106.03,85.58000000000001,,186.44
2026-09-28 16:00:00,225.0,1030.3,228.85,355.6,220.74,54.9,,,108.64,116.36,120.21,112.10000000000001,,226.43
2026-09-28 16:30:00,233.65,1141.7,271.96,246.3,247.98,49.7,,,118.2,115.45,153.76,129.77999999999997,,226.43
2026-09-28 17:00:00,284.0,1067.8,310.01,251.5,285.1,31.0,243.03,12.3,113.5,170.5,196.51,171.60000000000002,129.53,292.42
2026-09-28 17:30:00,294.41,1064.9,362.71,207.3,320.46,57.0,242.55,28.4,270.58,23.83000000000004,92.13,49.879999999999995,-28.029999999999973,292.42
2026-09-28 18:00:00,297.08,1178.1,292.83,202.5,313.34,47.1,301.0,28.7,270.08,27.0,22.75,43.25999999999999,30.920000000000016,312.41
2026-09-28 18:30:00,298.59,1162.7,319.64,187.4,332.03,34.6,301.0,9.0,512.52,-213.93,-192.88,-180.49,-211.51999999999998,312.41
2026-09-28 19:00:00,284.0,1086.8,310.22,137.8,301.45,59.1,280.0,14.3,318.76,-34.75999999999999,-8.539999999999964,-17.310000000000002,-38.75999999999999,292.42
2026-09-28 19:30:00,279.6,1131.8,271.9,202.6,280.54,37.3,268.54,10.0,252.39,27.210000000000036,19.50999999999999,28.150000000000034,16.150000000000034,292.42
2026-09-28 20:00:00,237.64,1093.7,268.12,171.3,244.86,77.8,228.14,16.6,232.09,5.549999999999983,36.03,12.77000000000001,-3.950000000000017,236.49
2026-09-28 20:30:00,228.34,1038.9,230.88,187.7,228.34,56.3,237.48,10.0,93.34,135.0,137.54,135.0,144.14,236.49
2026-09-28 21:00:00,207.18,1040.3,214.79,154.2,198.86,72.0,175.68,9.9,96.8,110.38000000000001,117.99,102.06000000000002,78.88000000000001,203.89
2026-09-28 21:30:00,202.71,897.1,190.19,259.0,184.32,19.0,179.0,10.4,81.46,121.25000000000001,108.73,102.86,97.54,203.89
2026-09-28 22:00:00,199.44,891.9,190.71,339.1,182.47,36.2,135.0,10.9,70.41,129.03,120.30000000000001,112.06,64.59,190.12
2026-09-28 22:30:00,191.12,883.6,182.67,338.8,182.47,40.8,162.08,19.1,79.14,111.98,103.52999999999999,103.33,82.94000000000001,190.12
2026-09-28 23:00:00,198.27,1036.4,338.02,245.9,,,,,304.64,-106.36999999999998,33.379999999999995,,,191.16
2026-09-28 23:30:00,191.16,965.9,196.89,287.5,,,,,269.07,-77.91,-72.18,,,191.16
2026-09-29 00:00:00,184.15,805.4,184.19,193.2,,,,,248.21,-64.06,-64.02000000000001,,,181.81
2026-09-29 00:30:00,180.8,857.1,175.04,175.4,,,,,150.72,30.080000000000013,24.319999999999993,,,181.81
2026-09-29 01:00:00,180.04,843.9,168.19,185.2,,,,,54.21,125.82999999999998,113.97999999999999,,,180.12
2026-09-29 01:30:00,173.1,769.3,160.59,197.2,,,,,7.54,165.56,153.05,,,180.12
2026-09-29 02:00:00,168.17,863.8,171.0,175.7,,,,,74.02,94.14999999999999,96.98,,,170.62
2026-09-29 02:30:00,165.0,894.1,169.55,193.7,,,,,93.5,71.5,76.05000000000001,,,170.62
2026-09-29 03:00:00,164.0,869.7,165.39,164.2,,,,,51.8,112.2,113.58999999999999,,,166.25
2026-09-29 03:30:00,158.03,749.7,160.92,194.3,,,,,22.92,135.11,138.0,,,166.25
2026-09-29 04:00:00,159.67,808.9,165.79,310.0,,,,,219.51,-59.84,-53.72,,,171.78
2026-09-29 04:30:00,156.8,936.1,161.13,456.6,,,,,207.38,-50.579999999999984,-46.25,,,171.78
2026-09-29 05:00:00,164.23,934.0,172.28,421.4,,,,,374.55,-210.32000000000002,-202.27,,,181.22
2026-09-29 05:30:00,167.5,997.1,173.76,444.9,,,,,400.91,-233.41000000000003,-227.15000000000003,,,181.22
2026-09-29 06:00:00,193.49,1038.8,201.0,332.5,,,,,244.06,-50.56999999999999,-43.06,,,216.46
2026-09-29 06:30:00,205.0,959.5,217.0,272.1,,,,,285.41,-80.41000000000003,-68.41000000000003,,,216.46
2026-09-29 07:00:00,202.3,1035.5,210.61,281.3,,,,,323.72,-121.42000000000002,-113.11000000000001,,,216.54
2026-09-29 07:30:00,206.03,1005.3,206.98,214.1,,,,,220.82,-14.789999999999992,-13.840000000000003,,,216.54
2026-09-29 08:00:00,185.0,1150.5,200.4,189.5,,,,,144.42,40.58000000000001,55.98000000000002,,,187.26
2026-09-29 08:30:00,181.44,1130.3,199.09,198.9,,,,,76.17,105.27,122.92,,,187.26
2026-09-29 09:00:00,167.3,1180.1,209.43,173.2,,,,,226.92,-59.619999999999976,-17.48999999999998,,,169.25
2026-09-29 09:30:00,161.0,1217.6,198.7,236.9,,,,,219.19,-58.19,-20.49000000000001,,,169.25
2026-09-29 10:00:00,135.0,1178.7,159.74,199.5,,,,,161.19,-26.189999999999998,-1.4499999999999886,,,135.2
2026-09-29 10:30:00,128.0,1255.3,153.37,264.9,,,,,283.45,-155.45,-130.07999999999998,,,135.2
2026-09-29 11:00:00,103.52,1180.4,131.11,210.5,101.47,60.6,,,252.26,-148.74,-121.14999999999998,-150.79,,101.52
2026-09-29 11:30:00,97.06,1226.7,108.51,199.4,92.66,59.0,,,284.11,-187.05,-175.60000000000002,-191.45000000000002,,101.52
2026-09-29 12:00:00,90.1,1221.4,107.88,233.8,83.66,60.7,,,253.22,-163.12,-145.34,-169.56,,91.97
2026-09-29 12:30:00,90.8,1282.1,96.02,258.0,79.98,64.3,,,247.79,-156.99,-151.76999999999998,-167.81,,91.97
2026-09-29 13:00:00,85.9,1244.8,97.72,221.4,83.22,48.5,,,394.81,-308.90999999999997,-297.09000000000003,-311.59000000000003,,88.01
2026-09-29 13:30:00,83.46,1229.8,96.24,229.7,86.15,52.7,,,343.72,-260.26000000000005,-247.48000000000002,-257.57000000000005,,88.01
2026-09-29 14:00:00,99.4,1257.5,113.29,206.0,100.02,74.5,,,380.46,-281.05999999999995,-267.16999999999996,-280.44,,111.85
2026-09-29 14:30:00,102.53,1131.5,125.0,226.8,114.31,75.2,,,418.38,-315.85,-293.38,-304.07,,111.85
2026-09-29 15:00:00,132.67,1249.7,146.46,250.2,142.88,63.7,,,380.97,-248.30000000000004,-234.51000000000002,-238.09000000000003,,150.3
2026-09-29 15:30:00,132.83,1177.6,162.1,315.7,164.32,58.1,,,288.48,-155.65,-126.38000000000002,-124.16000000000003,,150.3
2026-09-29 16:00:00,165.66,1172.9,180.28,291.1,178.62,37.0,,,252.94,-87.28,-72.66,-74.32,,183.75
2026-09-29 16:30:00,173.0,1167.7,196.24,298.7,195.27,20.3,,,252.91,-79.91,-56.66999999999999,-57.639999999999986,,183.75
2026-09-29 17:00:00,192.44,1216.8,211.57,360.3,221.47,30.8,259.0,8.6,252.0,-59.56,-40.43000000000001,-30.53,7.0,214.86
2026-09-29 17:30:00,197.9,1174.0,211.0,335.8,223.86,28.8,259.0,10.6,252.0,-54.099999999999994,-41.0,-28.139999999999986,7.0,214.86
2026-09-29 18:00:00,197.87,1149.2,211.23,297.7,222.02,21.8,259.0,8.6,252.01,-54.139999999999986,-40.78,-29.98999999999998,6.990000000000009,218.62
2026-09-29 18:30:00,198.15,1191.3,207.52,316.6,218.44,21.8,255.0,8.1,249.85,-51.69999999999999,-42.329999999999984,-31.409999999999997,5.150000000000006,218.62
2026-09-29 19:00:00,190.4,1188.2,203.83,301.8,209.69,60.2,259.0,27.1,250.72,-60.31999999999999,-46.889999999999986,-41.03,8.280000000000001,205.85
2026-09-29 19:30:00,189.39,1214.1,208.16,223.8,204.0,28.8,259.0,7.6,251.81,-62.420000000000016,-43.650000000000006,-47.81,7.189999999999998,205.85
2026-09-29 20:00:00,181.75,1142.5,180.67,173.3,185.01,28.1,225.0,9.0,240.72,-58.97,-60.05000000000001,-55.71000000000001,-15.719999999999999,178.34
2026-09-29 20:30:00,170.98,1306.1,165.04,214.7,167.68,17.9,196.0,8.1,217.61,-46.630000000000024,-52.57000000000002,-49.93000000000001,-21.610000000000014,178.34
2026-09-29 21:00:00,156.91,1131.4,173.12,220.4,153.83,30.1,131.0,11.6,205.93,-49.02000000000001,-32.81,-52.099999999999994,-74.93,154.91
2026-09-29 21:30:00,147.0,1295.7,148.17,247.3,143.13,17.7,131.0,11.3,198.61,-51.610000000000014,-50.440000000000026,-55.48000000000002,-67.61000000000001,154.91
2026-09-29 22:00:00,128.59,1142.2,135.69,181.7,134.78,51.3,169.78,28.4,248.28,-119.69,-112.59,-113.5,-78.5,127.32
2026-09-29 22:30:00,118.01,1108.8,105.53,140.0,114.65,22.9,125.0,9.0,248.13,-130.12,-142.6,-133.48,-123.13,127.32
2026-09-29 23:00:00,101.86,1122.2,97.1,255.2,,,,,0.0,101.86,97.1,,,100.44
2026-09-29 23:30:00,96.0,1111.8,78.74,262.4,,,,,249.01,-153.01,-170.26999999999998,,,100.44
2026-09-30 00:00:00,95.0,977.5,76.39,157.4,,,,,214.71,-119.71000000000001,-138.32,,,93.86
2026-09-30 00:30:00,90.96,1043.7,73.91,255.8,,,,,81.14,9.819999999999993,-7.230000000000004,,,93.86
2026-09-30 01:00:00,85.0,1004.5,69.46,246.2,,,,,59.31,25.689999999999998,10.149999999999991,,,86.58
2026-09-30 01:30:00,84.3,1004.4,70.11,284.7,,,,,67.86,16.439999999999998,2.25,,,86.58
2026-09-30 02:00:00,82.86,1019.5,64.85,347.7,,,,,29.05,53.81,35.8,,,77.29
2026-09-30 02:30:00,83.03,1032.0,64.52,412.2,,,,,43.44,39.59,21.08,,,77.29
2026-09-30 03:00:00,81.14,945.8,66.38,348.2,,,,,50.76,30.380000000000003,15.619999999999997,,,75.31
2026-09-30 03:30:00,79.3,971.7,60.91,380.2,,,,,49.35,29.949999999999996,11.559999999999995,,,75.31
2026-09-30 04:00:00,78.14,842.5,60.91,263.7,,,,,54.7,23.439999999999998,6.209999999999994,,,74.5
2026-09-30 04:30:00,77.82,844.6,58.52,268.4,,,,,35.4,42.419999999999995,23.120000000000005,,,74.5
2026-09-30 05:00:00,95.68,846.9,72.66,192.8,,,,,59.28,36.400000000000006,13.379999999999995,,,102.62
2026-09-30 05:30:00,103.0,814.7,95.19,171.0,,,,,52.4,50.6,42.79,,,102.62
2026-09-30 06:00:00,151.61,1032.1,141.54,303.7,,,,,78.65,72.96000000000001,62.889999999999986,,,159.54
2026-09-30 06:30:00,167.5,1035.9,188.41,322.2,,,,,19.52,147.98,168.89,,,159.54
2026-09-30 07:00:00,184.09,1129.6,179.33,358.1,,,,,95.11,88.98,84.22000000000001,,,182.7
2026-09-30 07:30:00,186.0,1036.6,190.0,261.0,,,,,264.96,-78.95999999999998,-74.95999999999998,,,182.7
2026-09-30 08:00:00,179.91,1098.5,179.65,288.9,,,,,239.62,-59.71000000000001,-59.97,,,174.91
2026-09-30 08:30:00,183.0,1210.3,182.97,403.7,,,,,76.79,106.21,106.17999999999999,,,174.91
2026-09-30 09:00:00,170.0,1176.7,183.39,331.5,,,,,350.9,-180.89999999999998,-167.51,,,162.77
2026-09-30 09:30:00,162.77,1252.8,163.27,370.5,,,,,355.52,-192.74999999999997,-192.24999999999997,,,162.77
2026-09-30 10:00:00,136.6,1161.2,140.09,212.6,,,,,359.11,-222.51000000000002,-219.02,,,135.19
2026-09-30 10:30:00,134.2,1278.0,125.72,278.3,,,,,352.1,-217.90000000000003,-226.38000000000002,,,135.19
2026-09-30 11:00:00,112.32,1247.8,109.64,222.1,124.61,91.6,,,204.05,-91.73000000000002,-94.41000000000001,-79.44000000000001,,110.9
2026-09-30 11:30:00,105.08,1238.0,90.38,197.8,102.27,91.0,,,166.14,-61.05999999999999,-75.75999999999999,-63.86999999999999,,110.9
2026-09-30 12:00:00,97.0,1250.4,80.98,185.2,102.1,91.7,,,179.23,-82.22999999999999,-98.24999999999999,-77.13,,98.43
2026-09-30 12:30:00,97.4,1277.8,85.81,188.9,99.9,102.0,,,127.0,-29.599999999999994,-41.19,-27.099999999999994,,98.43
2026-09-30 13:00:00,96.79,1224.2,96.8,186.7,114.16,91.6,,,338.27,-241.47999999999996,-241.46999999999997,-224.10999999999999,,104.44
2026-09-30 13:30:00,96.79,1238.9,99.0,231.3,110.16,68.9,,,271.75,-174.95999999999998,-172.75,-161.59,,104.44
2026-09-30 14:00:00,108.46,1292.4,111.72,200.1,125.0,73.6,,,260.94,-152.48000000000002,-149.22,-135.94,,116.94
2026-09-30 14:30:00,112.29,1235.8,116.15,229.9,128.44,70.7,,,305.48,-193.19,-189.33,-177.04000000000002,,116.94
2026-09-30 15:00:00,137.48,1383.0,127.48,223.4,133.23,72.7,,,67.18,70.29999999999998,60.3,66.04999999999998,,151.6
2026-09-30 15:30:00,145.78,1192.6,136.31,256.9,143.04,67.8,,,0.0,145.78,136.31,143.04,,151.6
2026-09-30 16:00:00,166.77,1316.6,166.8,266.5,164.72,66.9,,,0.0,166.77,166.8,164.72,,174.92
2026-09-30 16:30:00,176.5,1125.7,164.91,181.6,165.91,64.4,,,0.0,176.5,164.91,165.91,,174.92
2026-09-30 17:00:00,186.59,1090.2,156.52,180.5,158.58,98.9,145.0,50.3,0.0,186.59,156.52,158.58,145.0,198.15
2026-09-30 17:30:00,201.0,1005.9,189.72,190.9,181.0,68.6,191.0,34.4,51.1,149.9,138.62,129.9,139.9,198.15
2026-09-30 18:00:00,217.5,1099.4,196.59,297.5,191.0,62.0,201.0,36.5,117.94,99.56,78.65,73.06,83.06,215.46
2026-09-30 18:30:00,223.5,1073.5,209.69,353.7,205.03,46.0,215.0,45.2,123.88,99.62,85.81,81.15,91.12,215.46
2026-09-30 19:00:00,224.3,1044.4,213.63,445.0,206.33,36.7,205.0,44.9,67.66,156.64000000000001,145.97,138.67000000000002,137.34,218.8
2026-09-30 19:30:00,224.96,1092.5,214.2,479.4,206.47,38.1,220.0,27.9,95.62,129.34,118.57999999999998,110.85,124.38,218.8
2026-09-30 20:00:00,226.88,1107.7,209.22,554.2,204.76,37.5,205.0,27.9,67.92,158.95999999999998,141.3,136.83999999999997,137.07999999999998,204.12
2026-09-30 20:30:00,220.2,1153.9,205.17,609.5,191.0,38.8,194.83,21.9,50.92,169.27999999999997,154.25,140.07999999999998,143.91000000000003,204.12
2026-09-30 21:00:00,209.85,1040.1,198.19,499.5,185.96,42.0,174.06,21.9,30.66,179.19,167.53,155.3,143.4,192.34
2026-09-30 21:30:00,200.3,1089.3,180.41,545.6,178.62,51.9,188.6,31.9,30.54,169.76000000000002,149.87,148.08,158.06,192.34
2026-09-30 22:00:00,185.3,894.8,165.48,373.9,162.11,38.1,162.66,36.2,36.31,148.99,129.17,125.80000000000001,126.35,174.26
2026-09-30 22:30:00,178.06,1014.5,169.01,488.0,162.52,41.5,149.2,30.2,93.14,84.92,75.86999999999999,69.38000000000001,56.05999999999999,174.26
2026-09-30 23:00:00,168.0,935.6,170.66,359.0,,,,,110.0,58.0,60.66,,,160.04
2026-09-30 23:30:00,163.62,884.9,167.0,322.9,,,,,79.68,83.94,87.32,,,160.04
2026-10-01 00:00:00,166.5,947.5,171.5,383.0,,,,,48.89,117.61,122.61,,,158.54
2026-10-01 00:30:00,164.39,981.2,175.35,436.0,,,,,45.49,118.89999999999998,129.85999999999999,,,158.54
2026-10-01 01:00:00,164.39,947.4,171.23,405.9,,,,,61.24,103.14999999999998,109.98999999999998,,,158.54
2026-10-01 01:30:00,163.77,915.6,172.64,382.2,,,,,81.57,82.20000000000002,91.07,,,158.54
2026-10-01 02:00:00,166.35,931.4,170.35,415.1,,,,,59.79,106.56,110.56,,,158.33
2026-10-01 02:30:00,169.3,926.3,175.0,467.1,,,,,71.48,97.82000000000001,103.52,,,158.33
2026-10-01 03:00:00,168.32,898.7,175.0,439.5,,,,,57.82,110.5,117.18,,,158.96
2026-10-01 03:30:00,166.01,861.8,171.7,402.1,,,,,51.42,114.58999999999999,120.27999999999999,,,158.96
2026-10-01 04:00:00,166.66,827.2,171.42,360.4,,,,,120.63,46.03,50.78999999999999,,,159.99
2026-10-01 04:30:00,164.67,732.0,166.38,277.0,,,,,94.81,69.85999999999999,71.57,,,159.99
2026-10-01 05:00:00,184.05,755.6,187.61,285.9,,,,,22.61,161.44,165.0,,,182.9
2026-10-01 05:30:00,188.76,718.6,190.17,263.0,,,,,85.31,103.44999999999999,104.85999999999999,,,182.9
2026-10-01 06:00:00,207.19,894.9,206.07,399.7,,,,,88.06,119.13,118.00999999999999,,,208.98
2026-10-01 06:30:00,213.98,749.2,223.8,326.9,,,,,72.52,141.45999999999998,151.28000000000003,,,208.98
2026-10-01 07:00:00,224.43,894.0,223.89,408.8,,,,,110.35,114.08000000000001,113.53999999999999,,,219.42
2026-10-01 07:30:00,230.7,957.9,227.53,394.2,,,,,121.95,108.74999999999999,105.58,,,219.42
2026-10-01 08:00:00,230.7,1050.4,237.26,544.2,,,,,118.01,112.68999999999998,119.24999999999999,,,208.96
2026-10-01 08:30:00,230.7,1134.9,227.32,572.7,,,,,113.76,116.93999999999998,113.55999999999999,,,208.96
2026-10-01 09:00:00,228.48,1142.5,249.0,617.6,,,,,58.56,169.92,190.44,,,187.55
2026-10-01 09:30:00,205.8,1138.3,215.43,578.2,,,,,128.5,77.30000000000001,86.93,,,187.55
2026-10-01 10:00:00,185.0,1068.3,194.01,501.4,,,,,122.01,62.989999999999995,71.99999999999999,,,161.54
2026-10-01 10:30:00,176.45,1102.6,176.77,539.3,,,,,100.95,75.49999999999999,75.82000000000001,,,161.54
2026-10-01 11:00:00,175.07,1188.3,173.56,530.1,158.56,75.7,,,48.51,126.56,125.05000000000001,110.05000000000001,,156.44
2026-10-01 11:30:00,166.07,1190.1,166.43,487.4,139.23,54.5,,,75.33,90.74,91.10000000000001,63.89999999999999,,156.44
2026-10-01 12:00:00,162.39,1055.8,166.38,352.6,136.37,53.3,,,88.6,73.78999999999999,77.78,47.77000000000001,,156.44
2026-10-01 12:30:00,161.86,1050.2,168.0,352.5,140.77,51.8,,,77.05,84.81000000000002,90.95,63.72000000000001,,156.44
2026-10-01 13:00:00,160.0,1015.1,164.02,266.1,128.55,47.5,,,60.76,99.24000000000001,103.26000000000002,67.79000000000002,,156.49
2026-10-01 13:30:00,158.44,983.4,163.92,216.3,131.14,51.2,,,34.26,124.18,129.66,96.88,,156.49
2026-10-01 14:00:00,161.15,994.2,162.15,210.1,134.19,51.2,,,25.96,135.19,136.19,108.22999999999999,,160.05
2026-10-01 14:30:00,163.73,1037.8,159.43,208.8,143.78,70.2,,,54.23,109.5,105.20000000000002,89.55000000000001,,160.05
2026-10-01 15:00:00,173.0,980.4,158.62,247.9,143.62,83.2,,,10.82,162.18,147.8,132.8,,176.95
2026-10-01 15:30:00,173.3,1012.8,159.02,248.5,143.62,92.0,,,20.36,152.94,138.66000000000003,123.26,,176.95
2026-10-01 16:00:00,186.88,1262.9,168.21,316.8,130.0,67.7,,,77.55,109.33,90.66000000000001,52.45,,201.56
2026-10-01 16:30:00,195.72,1201.8,200.22,161.1,175.0,65.0,,,183.24,12.47999999999999,16.97999999999999,-8.240000000000009,,201.56
2026-10-01 17:00:00,212.7,1089.0,208.47,171.3,208.82,55.9,288.82,14.4,262.79,-50.09000000000003,-54.32000000000002,-53.97000000000003,26.029999999999973,221.34
2026-10-01 17:30:00,220.01,1125.3,223.54,191.3,208.85,60.3,210.17,14.4,241.3,-21.29000000000002,-17.76000000000002,-32.45000000000002,-31.130000000000024,221.34
2026-10-01 18:00:00,231.4,1122.9,225.0,144.1,213.57,35.3,229.65,11.2,268.35,-36.95000000000002,-43.35000000000002,-54.78000000000003,-38.70000000000002,239.61
2026-10-01 18:30:00,237.61,1081.2,232.75,189.5,227.46,34.4,219.21,5.9,233.4,4.210000000000008,-0.6500000000000057,-5.939999999999998,-14.189999999999998,239.61
2026-10-01 19:00:00,236.01,1000.3,243.53,205.0,233.53,60.6,232.56,7.3,192.11,43.89999999999998,51.41999999999999,41.41999999999999,40.44999999999999,236.63
2026-10-01 19:30:00,233.74,988.6,244.9,294.7,229.06,65.3,234.91,9.7,203.95,29.79000000000002,40.95000000000002,25.110000000000014,30.960000000000008,236.63
2026-10-01 20:00:00,217.08,959.6,228.89,309.9,222.05,50.5,253.0,5.8,175.55,41.53,53.339999999999975,46.5,77.44999999999999,210.13
2026-10-01 20:30:00,212.13,940.8,223.39,320.7,201.22,33.8,215.0,8.0,130.12,82.00999999999999,93.26999999999998,71.1,84.88,210.13
2026-10-01 21:00:00,193.0,913.4,203.47,264.4,185.57,31.5,218.59,11.4,102.95,90.05,100.52,82.61999999999999,115.64,188.04
2026-10-01 21:30:00,188.11,879.7,193.1,298.2,164.44,40.2,214.44,14.4,89.95,98.16000000000001,103.14999999999999,74.49,124.49,188.04
2026-10-01 22:00:00,179.06,887.9,174.31,194.6,159.05,48.8,165.06,14.9,100.06,79.0,74.25,58.99000000000001,65.0,176.85
2026-10-01 22:30:00,172.7,869.7,166.54,348.5,145.14,79.9,165.0,17.9,75.47,97.22999999999999,91.07,69.66999999999999,89.53,176.85
2026-10-01 23:00:00,184.0,898.1,187.68,278.7,,,,,187.59,-3.5900000000000034,0.09000000000000341,,,183.77
2026-10-01 23:30:00,179.52,820.0,180.83,220.4,,,,,130.0,49.52000000000001,50.83000000000001,,,183.77
2026-10-02 00:00:00,178.65,776.4,178.79,223.7,,,,,253.94,-75.28999999999999,-75.15,,,177.84
2026-10-02 00:30:00,174.84,753.5,175.0,178.4,,,,,253.5,-78.66,-78.5,,,177.84
2026-10-02 01:00:00,173.89,739.5,179.8,198.0,,,,,241.8,-67.91000000000003,-62.0,,,170.92
2026-10-02 01:30:00,172.28,794.6,179.28,232.0,,,,,221.97,-49.69,-42.69,,,170.92
2026-10-02 02:00:00,170.94,787.4,179.75,280.8,,,,,186.54,-15.599999999999994,-6.789999999999992,,,167.77
2026-10-02 02:30:00,170.12,766.4,179.3,282.6,,,,,258.05,-87.93,-78.75,,,167.77
2026-10-02 03:00:00,170.74,736.1,179.83,236.3,,,,,251.89,-81.14999999999998,-72.05999999999997,,,166.91
2026-10-02 03:30:00,167.54,768.4,179.42,252.6,,,,,249.12,-81.58000000000001,-69.70000000000002,,,166.91
2026-10-02 04:00:00,167.51,721.3,186.79,226.4,,,,,252.51,-85.0,-65.72,,,167.34
2026-10-02 04:30:00,165.22,658.2,179.42,179.8,,,,,61.83,103.39,117.58999999999999,,,167.34
2026-10-02 05:00:00,165.04,677.8,173.49,169.4,,,,,50.33,114.71,123.16000000000001,,,168.24
2026-10-02 05:30:00,170.24,737.1,175.95,165.8,,,,,65.08,105.16000000000001,110.86999999999999,,,168.24
2026-10-02 06:00:00,202.55,821.9,212.37,235.7,,,,,214.38,-11.829999999999984,-2.009999999999991,,,214.37
2026-10-02 06:30:00,213.09,780.9,225.0,231.7,,,,,255.27,-42.18000000000001,-30.27000000000001,,,214.37
2026-10-02 07:00:00,236.27,864.5,228.29,260.4,,,,,257.08,-20.809999999999974,-28.789999999999992,,,238.36
2026-10-02 07:30:00,240.4,903.4,231.0,246.9,,,,,259.33,-18.92999999999998,-28.329999999999984,,,238.36
2026-10-02 08:00:00,232.8,1007.3,227.41,324.5,,,,,131.96,100.84,95.44999999999999,,,227.79
2026-10-02 08:30:00,229.13,1040.6,218.37,281.8,,,,,13.77,215.35999999999999,204.6,,,227.79
2026-10-02 09:00:00,202.93,1189.6,194.47,264.7,,,,,-13.9,216.83,208.37,,,195.26
2026-10-02 09:30:00,195.38,1117.8,189.09,205.9,,,,,-9.01,204.39,198.1,,,195.26
2026-10-02 10:00:00,181.83,1112.7,182.14,228.9,,,,,20.92,160.91000000000003,161.21999999999997,,,176.57
2026-10-02 10:30:00,171.6,1091.8,178.87,220.0,,,,,-2.45,174.04999999999998,181.32,,,176.57
2026-10-02 11:00:00,158.84,1047.5,168.57,220.5,155.84,44.4,,,20.79,138.05,147.78,135.05,,155.9
2026-10-02 11:30:00,155.67,1100.5,158.47,195.6,134.67,75.3,,,1.91,153.76,156.56,132.76,,155.9
2026-10-02 12:00:00,147.72,1101.4,153.8,190.8,133.15,82.5,,,3.23,144.49,150.57000000000002,129.92000000000002,,146.35
2026-10-02 12:30:00,147.72,1049.1,149.66,221.4,126.07,49.3,,,0.0,147.72,149.66,126.07,,146.35
2026-10-02 13:00:00,146.17,1071.1,152.2,225.0,126.07,60.1,,,192.34,-46.170000000000016,-40.140000000000015,-66.27000000000001,,144.79
2026-10-02 13:30:00,145.98,1018.2,151.09,273.2,126.07,70.0,,,211.27,-65.29000000000002,-60.18000000000001,-85.20000000000002,,144.79
2026-10-02 14:00:00,148.3,962.5,154.48,231.5,130.84,70.5,,,111.76,36.540000000000006,42.719999999999985,19.08,,146.35
2026-10-02 14:30:00,152.21,1015.6,154.48,319.2,128.83,60.3,,,357.16,-204.95000000000002,-202.68000000000004,-228.33,,146.35
2026-10-02 15:00:00,163.3,1085.3,158.18,326.1,127.62,66.3,,,497.29,-333.99,-339.11,-369.67,,164.3
2026-10-02 15:30:00,165.67,889.1,165.67,239.2,136.4,61.5,,,300.57,-134.9,-134.9,-164.17,,164.3
2026-10-02 16:00:00,169.01,928.7,175.01,177.4,171.87,71.5,,,146.05,22.95999999999998,28.95999999999998,25.819999999999993,,178.37
2026-10-02 16:30:00,183.36,982.7,194.09,236.5,169.63,60.3,,,224.68,-41.31999999999999,-30.590000000000003,-55.05000000000001,,178.37
2026-10-02 17:00:00,205.88,931.7,211.85,360.7,195.39,53.1,185.0,18.8,196.35,9.530000000000001,15.5,-0.960000000000008,-11.349999999999994,203.88
2026-10-02 17:30:00,215.63,946.4,233.64,411.5,188.06,53.3,185.57,9.8,262.74,-47.110000000000014,-29.100000000000023,-74.68,-77.17000000000002,203.88
2026-10-02 18:00:00,224.79,1110.4,221.02,586.2,185.2,54.0,174.3,19.2,225.86,-1.0700000000000216,-4.840000000000003,-40.660000000000025,-51.56,207.33
2026-10-02 18:30:00,243.75,1166.6,235.07,660.7,185.0,51.8,193.8,9.2,247.26,-3.509999999999991,-12.189999999999998,-62.25999999999999,-53.45999999999998,207.33
2026-10-02 19:00:00,250.0,1175.2,231.0,666.7,183.2,57.8,177.64,39.0,151.24,98.75999999999999,79.75999999999999,31.95999999999998,26.399999999999977,205.88
2026-10-02 19:30:00,257.2,1225.5,255.0,687.5,186.64,51.2,201.0,25.3,151.66,105.53999999999999,103.34,34.97999999999999,49.34,205.88
2026-10-02 20:00:00,309.85,1379.4,255.6,782.5,187.81,47.0,203.7,26.2,264.14,45.710000000000036,-8.539999999999992,-76.32999999999998,-60.44,200.68
2026-10-02 20:30:00,278.68,1464.6,270.02,861.3,183.39,112.2,190.0,40.7,258.62,20.060000000000002,11.399999999999977,-75.23000000000002,-68.62,200.68
2026-10-02 21:00:00,313.66,1363.3,283.66,878.2,185.69,84.1,213.66,38.6,249.35,64.31000000000003,34.31000000000003,-63.66,-35.69,193.78
2026-10-02 21:30:00,259.45,1383.0,241.89,839.2,173.06,96.7,159.45,14.2,135.5,123.94999999999999,106.38999999999999,37.56,23.94999999999999,193.78
2026-10-02 22:00:00,247.44,1274.3,247.4,815.4,167.07,110.6,180.0,14.2,168.86,78.57999999999998,78.53999999999999,-1.7900000000000205,11.139999999999986,185.07
2026-10-02 22:30:00,228.07,1230.8,224.66,819.1,160.85,90.4,180.0,25.4,134.86,93.20999999999998,89.79999999999998,25.98999999999998,45.139999999999986,185.07
2026-10-02 23:00:00,214.57,1011.7,193.46,583.2,,,,,161.04,53.53,32.420000000000016,,,181.55
2026-10-02 23:30:00,196.01,976.6,191.01,602.6,,,,,134.91,61.099999999999994,56.099999999999994,,,181.55
2026-10-03 00:00:00,198.72,931.1,188.27,590.5,,,,,353.91,-155.19000000000003,-165.64000000000001,,,173.37
2026-10-03 00:30:00,185.33,900.7,188.3,590.0,,,,,280.24,-94.91,-91.94,,,173.37
2026-10-03 01:00:00,181.92,830.3,181.56,604.1,,,,,215.67,-33.75,-34.109999999999985,,,164.31
2026-10-03 01:30:00,180.6,847.6,181.93,636.2,,,,,217.21,-36.610000000000014,-35.28,,,164.31
2026-10-03 02:00:00,196.3,926.5,175.22,718.8,,,,,140.56,55.74000000000001,34.66,,,159.22
2026-10-03 02:30:00,197.27,906.2,176.68,689.7,,,,,144.12,53.150000000000006,32.56,,,159.22
2026-10-03 03:00:00,192.49,851.5,174.81,664.6,,,,,140.34,52.150000000000006,34.47,,,162.45
2026-10-03 03:30:00,187.24,819.4,181.41,629.3,,,,,139.89,47.35000000000002,41.52000000000001,,,162.45
2026-10-03 04:00:00,187.61,796.0,179.93,626.7,,,,,138.09,49.52000000000001,41.84,,,169.4
2026-10-03 04:30:00,187.65,770.1,181.57,597.5,,,,,138.03,49.620000000000005,43.53999999999999,,,169.4
2026-10-03 05:00:00,194.4,823.4,189.64,639.9,,,,,524.83,-330.43000000000006,-335.19000000000005,,,184.05
2026-10-03 05:30:00,201.0,809.8,199.0,585.8,,,,,524.88,-323.88,-325.88,,,184.05
2026-10-03 06:00:00,223.0,884.9,198.36,673.9,,,,,136.35,86.65,62.01000000000002,,,206.49
2026-10-03 06:30:00,241.72,947.0,222.01,730.1,,,,,137.74,103.97999999999999,84.26999999999998,,,206.49
2026-10-03 07:00:00,281.69,1076.8,267.2,797.2,,,,,162.13,119.56,105.07,,,200.79
2026-10-03 07:30:00,306.43,1111.2,284.29,789.3,,,,,146.13,160.3,138.16000000000003,,,200.79
2026-10-03 08:00:00,283.84,1134.2,275.02,806.3,,,,,144.81,139.02999999999997,130.20999999999998,,,183.69
2026-10-03 08:30:00,315.0,1155.6,278.34,805.4,,,,,148.56,166.44,129.77999999999997,,,183.69
2026-10-03 09:00:00,319.13,1167.6,280.01,819.0,,,,,229.19,89.94,50.81999999999999,,,170.97
2026-10-03 09:30:00,276.61,1162.6,309.5,802.3,,,,,190.73,85.88000000000002,118.77000000000001,,,170.97
2026-10-03 10:00:00,269.0,1109.9,268.78,738.1,,,,,232.33,36.66999999999999,36.44999999999996,,,165.9
2026-10-03 10:30:00,201.12,946.6,189.39,690.7,,,,,150.02,51.099999999999994,39.369999999999976,,,165.9
2026-10-03 11:00:00,182.61,1062.2,175.6,624.2,169.91,63.4,,,161.29,21.32000000000002,14.310000000000002,8.620000000000005,,149.86
2026-10-03 11:30:00,169.23,1091.6,171.87,628.2,166.23,82.8,,,130.54,38.69,41.33000000000001,35.69,,149.86
2026-10-03 12:00:00,168.9,1026.1,166.67,559.3,164.15,65.9,,,128.89,40.01000000000002,37.78,35.26000000000002,,149.38
2026-10-03 12:30:00,166.15,1061.0,160.21,547.7,160.07,63.7,,,127.25,38.900000000000006,32.96000000000001,32.81999999999999,,149.38
2026-10-03 13:00:00,167.9,1088.6,162.67,617.9,155.0,52.9,,,128.41,39.49000000000001,34.25999999999999,26.590000000000003,,150.08
2026-10-03 13:30:00,165.35,1084.3,160.78,600.0,160.07,58.1,,,115.71,49.64,45.07000000000001,44.36,,150.08
2026-10-03 14:00:00,160.6,1024.7,161.25,504.5,161.86,86.3,,,123.02,37.58,38.230000000000004,38.84000000000002,,148.52
2026-10-03 14:30:00,162.09,1034.7,156.27,546.0,160.07,59.7,,,119.17,42.92,37.10000000000001,40.89999999999999,,148.52
2026-10-03 15:00:00,163.1,996.1,158.43,488.6,167.17,70.3,,,120.26,42.83999999999999,38.17,46.90999999999998,,154.89
2026-10-03 15:30:00,169.89,979.9,160.0,517.5,174.11,75.8,,,130.28,39.609999999999985,29.72,43.83000000000001,,154.89
2026-10-03 16:00:00,195.5,900.6,190.76,461.6,197.83,76.2,,,134.24,61.25999999999999,56.51999999999998,63.59,,190.49
2026-10-03 16:30:00,208.94,939.5,215.0,505.6,214.66,114.8,,,139.16,69.78,75.84,75.5,,190.49
2026-10-03 17:00:00,242.55,989.2,229.47,662.2,234.56,33.6,225.05,10.6,141.31,101.24000000000001,88.16,93.25,83.74000000000001,228.27
2026-10-03 17:30:00,276.77,1002.1,266.77,707.0,316.77,59.6,306.8,10.6,161.37,115.39999999999998,105.39999999999998,155.39999999999998,145.43,228.27
2026-10-03 18:00:00,268.54,989.5,270.69,675.8,355.79,38.8,352.11,12.1,143.84,124.70000000000002,126.85,211.95000000000002,208.27,234.43
2026-10-03 18:30:00,268.08,948.0,271.0,626.2,338.03,17.7,340.0,40.4,140.11,127.96999999999997,130.89,197.91999999999996,199.89,234.43
2026-10-03 19:00:00,278.75,978.1,274.41,719.7,348.63,20.6,301.0,18.5,138.8,139.95,135.61,209.82999999999998,162.2,228.9
2026-10-03 19:30:00,264.12,1001.1,273.56,668.5,346.2,20.5,301.0,42.2,140.83,123.28999999999999,132.73,205.36999999999998,160.17,228.9
2026-10-03 20:00:00,238.74,973.8,245.67,581.6,297.43,39.2,225.62,22.1,138.33,100.41,107.33999999999997,159.1,87.28999999999999,215.13
2026-10-03 20:30:00,232.8,1088.2,241.09,661.6,231.0,82.8,189.96,11.1,136.14,96.66000000000003,104.95000000000002,94.86000000000001,53.82000000000002,215.13
2026-10-03 21:00:00,215.0,957.9,225.75,546.6,250.12,64.2,215.0,9.4,137.68,77.32,88.07,112.44,77.32,197.16
2026-10-03 21:30:00,201.3,860.2,206.3,445.3,215.0,88.3,195.0,9.3,124.64,76.66000000000001,81.66000000000001,90.36,70.36,197.16
2026-10-03 22:00:00,191.55,806.5,207.31,402.2,218.64,70.2,212.2,9.3,127.73,63.82000000000001,79.58,90.90999999999998,84.46999999999998,180.67
2026-10-03 22:30:00,182.7,784.3,195.68,326.4,205.27,80.4,191.08,10.0,128.62,54.079999999999984,67.06,76.65,62.46000000000001,180.67
