Datetime,DAM_Price,DAM_Volume,IDA1_Price,IDA1_Volume,IDA2_Price,IDA2_Volume,IDA3_Price,IDA3_Volume,ISP,DAM_Spread_to_ISP,IDA1_Spread_to_ISP,IDA2_Spread_to_ISP,IDA3_Spread_to_ISP,GB_DA_Price
2026-07-10 23:00:00,185.85,981.9,167.25,360.0,,,,,139.18,46.66999999999999,28.069999999999993,,,152.4
2026-07-10 23:30:00,170.02,1027.0,158.76,393.2,,,,,192.1,-22.079999999999984,-33.34,,,152.4
2026-07-11 00:00:00,169.07,1000.2,163.6,353.1,,,,,145.73,23.340000000000003,17.870000000000005,,,144.98
2026-07-11 00:30:00,162.0,1017.2,157.23,372.3,,,,,191.75,-29.75,-34.52000000000001,,,144.98
2026-07-11 01:00:00,151.0,962.9,156.55,351.0,,,,,189.13,-38.129999999999995,-32.579999999999984,,,137.99
2026-07-11 01:30:00,149.0,950.5,155.61,352.5,,,,,189.13,-40.129999999999995,-33.51999999999998,,,137.99
2026-07-11 02:00:00,150.6,1003.8,164.0,366.6,,,,,189.13,-38.53,-25.129999999999995,,,133.06
2026-07-11 02:30:00,148.25,1005.5,163.53,395.9,,,,,189.13,-40.879999999999995,-25.599999999999994,,,133.06
2026-07-11 03:00:00,142.09,917.5,148.94,314.1,,,,,147.49,-5.400000000000006,1.4499999999999886,,,131.88
2026-07-11 03:30:00,138.92,929.1,147.03,305.8,,,,,189.13,-50.21000000000001,-42.099999999999994,,,131.88
2026-07-11 04:00:00,137.98,937.1,149.06,300.0,,,,,157.39,-19.409999999999997,-8.329999999999984,,,127.83
2026-07-11 04:30:00,134.02,946.9,144.0,285.2,,,,,104.76,29.260000000000005,39.239999999999995,,,127.83
2026-07-11 05:00:00,132.02,943.6,138.44,282.1,,,,,96.06,35.96000000000001,42.379999999999995,,,125.71
2026-07-11 05:30:00,131.6,936.9,137.98,292.7,,,,,96.98,34.61999999999999,40.999999999999986,,,125.71
2026-07-11 06:00:00,131.0,1021.5,121.61,336.9,,,,,101.5,29.5,20.11,,,125.68
2026-07-11 06:30:00,135.0,990.9,133.57,283.4,,,,,107.21,27.790000000000006,26.36,,,125.68
2026-07-11 07:00:00,133.0,1035.4,124.94,316.8,,,,,96.35,36.650000000000006,28.590000000000003,,,126.61
2026-07-11 07:30:00,145.0,1043.8,133.65,307.0,,,,,97.84,47.16,35.81,,,126.61
2026-07-11 08:00:00,146.1,1088.1,141.57,371.7,,,,,99.21,46.89,42.36,,,130.1
2026-07-11 08:30:00,150.69,1035.3,147.0,304.8,,,,,96.64,54.05,50.36,,,130.1
2026-07-11 09:00:00,153.6,1070.0,148.54,323.3,,,,,77.19,76.41,71.35,,,144.21
2026-07-11 09:30:00,152.02,1053.3,145.0,308.5,,,,,55.72,96.30000000000001,89.28,,,144.21
2026-07-11 10:00:00,134.8,1071.6,137.1,281.4,,,,,108.95,25.85000000000001,28.14999999999999,,,123.8
2026-07-11 10:30:00,129.68,1057.5,122.81,265.9,,,,,75.31,54.370000000000005,47.5,,,123.8
2026-07-11 11:00:00,120.0,1117.6,121.39,259.9,128.0,51.1,,,125.26,-5.260000000000005,-3.8700000000000045,2.739999999999995,,109.64
2026-07-11 11:30:00,115.0,1045.3,110.0,242.3,120.3,47.9,,,95.7,19.299999999999997,14.299999999999997,24.599999999999994,,109.64
2026-07-11 12:00:00,108.0,1044.3,103.34,216.0,115.71,34.0,,,68.15,39.849999999999994,35.19,47.55999999999999,,100.67
2026-07-11 12:30:00,108.0,1101.7,102.22,270.8,110.78,40.0,,,31.28,76.72,70.94,79.5,,100.67
2026-07-11 13:00:00,107.06,1077.2,102.27,264.7,112.12,54.0,,,140.41,-33.349999999999994,-38.14,-28.289999999999992,,94.18
2026-07-11 13:30:00,105.2,1048.1,102.18,297.4,110.78,40.3,,,191.04,-85.83999999999999,-88.85999999999999,-80.25999999999999,,94.18
2026-07-11 14:00:00,105.48,1044.1,102.0,277.7,105.0,59.3,,,192.69,-87.21,-90.69,-87.69,,94.09
2026-07-11 14:30:00,105.1,1031.0,102.0,271.3,108.32,48.5,,,189.58,-84.48000000000002,-87.58000000000001,-81.26000000000002,,94.09
2026-07-11 15:00:00,104.9,937.4,102.16,294.8,105.77,31.3,,,173.88,-68.97999999999999,-71.72,-68.11,,97.43
2026-07-11 15:30:00,107.06,998.3,102.2,286.0,112.0,32.6,,,79.41,27.650000000000006,22.790000000000006,32.59,,97.43
2026-07-11 16:00:00,114.27,1051.9,106.93,314.3,116.8,50.2,,,172.84,-58.57000000000001,-65.91,-56.040000000000006,,108.38
2026-07-11 16:30:00,122.93,1074.2,117.29,309.6,127.63,34.0,,,75.24,47.69000000000001,42.05000000000001,52.39,,108.38
2026-07-11 17:00:00,132.02,1028.8,127.65,317.6,137.17,32.7,142.0,10.5,161.05,-29.03,-33.400000000000006,-23.880000000000024,-19.05000000000001,125.54
2026-07-11 17:30:00,139.12,1023.6,129.99,347.5,141.2,32.0,155.0,29.4,191.63,-52.50999999999999,-61.639999999999986,-50.43000000000001,-36.629999999999995,125.54
2026-07-11 18:00:00,160.0,1077.9,155.0,431.1,172.0,39.9,181.8,28.6,189.48,-29.47999999999999,-34.47999999999999,-17.47999999999999,-7.679999999999978,142.18
2026-07-11 18:30:00,175.49,1082.9,162.99,402.4,197.2,25.2,197.45,28.4,180.34,-4.849999999999994,-17.349999999999994,16.859999999999985,17.109999999999985,142.18
2026-07-11 19:00:00,168.72,1130.5,166.08,435.8,198.93,29.2,220.11,24.3,194.81,-26.090000000000003,-28.72999999999999,4.1200000000000045,25.30000000000001,151.13
2026-07-11 19:30:00,176.0,1136.6,163.0,444.0,195.0,50.9,209.79,28.5,225.01,-49.00999999999999,-62.00999999999999,-30.00999999999999,-15.219999999999999,151.13
2026-07-11 20:00:00,171.05,982.4,163.0,431.3,186.7,48.5,181.1,28.3,171.24,-0.18999999999999773,-8.240000000000009,15.45999999999998,9.859999999999985,151.12
2026-07-11 20:30:00,171.0,1001.0,171.0,427.7,187.73,50.9,179.99,38.3,191.94,-20.939999999999998,-20.939999999999998,-4.210000000000008,-11.949999999999989,151.12
2026-07-11 21:00:00,171.05,1080.4,177.98,428.1,190.1,50.7,180.0,31.0,223.86,-52.81,-45.880000000000024,-33.76000000000002,-43.860000000000014,151.72
2026-07-11 21:30:00,164.0,1064.6,183.99,417.8,199.0,67.1,186.0,31.2,199.08,-35.08000000000001,-15.090000000000003,-0.0800000000000125,-13.080000000000013,151.72
2026-07-11 22:00:00,168.54,1101.1,189.6,445.9,175.48,80.0,235.8,8.2,248.85,-80.31,-59.25,-73.37,-13.049999999999983,144.38
2026-07-11 22:30:00,159.38,1087.4,178.8,443.1,188.0,57.6,233.4,8.2,365.76,-206.38,-186.95999999999998,-177.76,-132.35999999999999,144.38
2026-07-11 23:00:00,188.71,694.0,231.42,460.2,,,,,242.55,-53.84,-11.130000000000024,,,133.32
2026-07-11 23:30:00,161.6,627.0,211.6,430.3,,,,,160.94,0.6599999999999966,50.66,,,133.32
2026-07-12 00:00:00,190.16,720.1,221.39,507.9,,,,,198.81,-8.650000000000006,22.579999999999984,,,129.84
2026-07-12 00:30:00,174.25,735.1,223.52,531.9,,,,,200.36,-26.110000000000014,23.159999999999997,,,129.84
2026-07-12 01:00:00,175.62,656.0,204.09,503.9,,,,,205.82,-30.19999999999999,-1.7299999999999898,,,125.71
2026-07-12 01:30:00,165.4,633.9,208.32,479.5,,,,,213.33,-47.93000000000001,-5.010000000000019,,,125.71
2026-07-12 02:00:00,183.38,681.4,213.1,536.4,,,,,150.78,32.599999999999994,62.31999999999999,,,125.69
2026-07-12 02:30:00,173.91,642.9,208.32,505.4,,,,,136.9,37.00999999999999,71.41999999999999,,,125.69
2026-07-12 03:00:00,208.32,739.3,192.76,582.7,,,,,135.57,72.75,57.19,,,122.64
2026-07-12 03:30:00,200.0,751.5,175.07,583.4,,,,,194.41,5.590000000000003,-19.340000000000003,,,122.64
2026-07-12 04:00:00,200.0,721.5,160.0,570.5,,,,,186.9,13.099999999999994,-26.900000000000006,,,121.78
2026-07-12 04:30:00,180.0,758.4,144.8,565.3,,,,,185.2,-5.199999999999989,-40.39999999999998,,,121.78
2026-07-12 05:00:00,162.98,804.2,134.33,540.6,,,,,184.25,-21.27000000000001,-49.91999999999999,,,114.91
2026-07-12 05:30:00,156.71,783.2,122.15,522.9,,,,,184.25,-27.539999999999992,-62.099999999999994,,,114.91
2026-07-12 06:00:00,150.92,823.6,132.0,568.1,,,,,150.71,0.20999999999997954,-18.710000000000008,,,100.89
2026-07-12 06:30:00,153.88,839.3,134.0,562.9,,,,,186.09,-32.21000000000001,-52.09,,,100.89
2026-07-12 07:00:00,166.77,900.4,150.0,560.5,,,,,185.97,-19.19999999999999,-35.97,,,73.3
2026-07-12 07:30:00,167.36,899.7,140.81,532.0,,,,,185.63,-18.269999999999982,-44.81999999999999,,,73.3
2026-07-12 08:00:00,134.38,887.3,191.76,510.8,,,,,189.12,-54.74000000000001,2.6399999999999864,,,49.56
2026-07-12 08:30:00,134.02,886.7,184.02,508.9,,,,,189.74,-55.72,-5.719999999999999,,,49.56
2026-07-12 09:00:00,108.5,849.8,130.3,503.8,,,,,187.56,-79.06,-57.25999999999999,,,25.42
2026-07-12 09:30:00,104.6,883.2,116.6,515.4,,,,,161.43,-56.83000000000001,-44.83000000000001,,,25.42
2026-07-12 10:00:00,98.71,1058.6,98.71,502.1,,,,,187.86,-89.15000000000002,-89.15000000000002,,,13.0
2026-07-12 10:30:00,87.7,1091.9,86.0,510.2,,,,,187.64,-99.93999999999998,-101.63999999999999,,,13.0
2026-07-12 11:00:00,87.23,1151.1,87.23,500.9,82.8,37.6,,,187.67,-100.43999999999998,-100.43999999999998,-104.86999999999999,,6.84
2026-07-12 11:30:00,80.2,1169.2,76.97,459.4,87.09,52.2,,,189.96,-109.76,-112.99000000000001,-102.87,,6.84
2026-07-12 12:00:00,77.5,1197.1,66.5,481.2,90.8,56.7,,,181.27,-103.77000000000001,-114.77000000000001,-90.47000000000001,,7.07
2026-07-12 12:30:00,69.0,1154.1,43.3,459.9,42.1,53.9,,,185.06,-116.06,-141.76,-142.96,,7.07
2026-07-12 13:00:00,70.0,1159.5,43.2,479.5,46.64,57.2,,,185.16,-115.16,-141.95999999999998,-138.51999999999998,,7.09
2026-07-12 13:30:00,58.48,1137.6,40.0,485.8,26.0,40.8,,,0.0,58.48,40.0,26.0,,7.09
2026-07-12 14:00:00,57.31,1098.0,33.7,454.1,26.0,46.2,,,0.0,57.31,33.7,26.0,,3.15
2026-07-12 14:30:00,57.31,1106.4,28.07,471.8,26.0,33.9,,,0.0,57.31,28.07,26.0,,3.15
2026-07-12 15:00:00,46.31,1056.4,26.8,483.5,23.8,48.3,,,0.0,46.31,26.8,23.8,,2.91
2026-07-12 15:30:00,53.1,1073.9,23.86,446.4,21.9,45.0,,,0.0,53.1,23.86,21.9,,2.91
2026-07-12 16:00:00,53.45,1040.2,40.0,462.7,24.71,31.8,,,0.0,53.45,40.0,24.71,,33.95
2026-07-12 16:30:00,47.48,940.5,42.8,374.4,44.95,49.7,,,-1.22,48.699999999999996,44.019999999999996,46.17,,33.95
2026-07-12 17:00:00,95.99,978.6,66.53,377.5,85.85,27.5,99.64,22.6,0.0,95.99,66.53,85.85,99.64,90.41
2026-07-12 17:30:00,101.0,880.3,83.84,266.0,89.9,36.9,121.0,19.7,57.89,43.11,25.950000000000003,32.010000000000005,63.11,90.41
2026-07-12 18:00:00,131.8,920.7,123.35,284.5,126.73,30.2,180.0,13.3,176.37,-44.56999999999999,-53.02000000000001,-49.64,3.6299999999999955,128.39
2026-07-12 18:30:00,135.3,914.8,128.17,339.1,134.0,26.5,184.0,13.3,188.67,-53.369999999999976,-60.5,-54.66999999999999,-4.6699999999999875,128.39
2026-07-12 19:00:00,148.18,949.2,153.6,383.6,169.81,31.0,188.0,30.9,189.02,-40.84,-35.420000000000016,-19.210000000000008,-1.0200000000000102,138.2
2026-07-12 19:30:00,158.4,914.4,148.98,396.2,146.8,28.6,161.0,9.6,186.42,-28.019999999999982,-37.44,-39.619999999999976,-25.419999999999987,138.2
2026-07-12 20:00:00,158.32,888.6,153.7,404.7,151.3,30.0,182.69,7.1,186.16,-27.840000000000003,-32.46000000000001,-34.859999999999985,-3.469999999999999,142.92
2026-07-12 20:30:00,156.6,824.4,151.19,363.8,155.2,45.7,201.47,16.0,190.51,-33.91,-39.31999999999999,-35.31,10.960000000000008,142.92
2026-07-12 21:00:00,158.08,802.4,155.73,371.4,153.11,51.5,172.45,5.3,190.5,-32.41999999999999,-34.77000000000001,-37.389999999999986,-18.05000000000001,144.52
2026-07-12 21:30:00,152.0,731.2,147.46,306.8,140.85,31.9,160.0,15.3,103.01,48.989999999999995,44.45,37.83999999999999,56.989999999999995,144.52
2026-07-12 22:00:00,147.6,798.1,148.0,328.3,145.0,42.7,155.0,14.9,86.01,61.58999999999999,61.989999999999995,58.989999999999995,68.99,137.73
2026-07-12 22:30:00,145.01,819.5,141.11,365.6,138.0,26.0,148.0,15.1,81.28,63.72999999999999,59.83000000000001,56.72,66.72,137.73
2026-07-12 23:00:00,140.7,944.4,154.14,317.0,,,,,92.67,48.02999999999999,61.469999999999985,,,132.73
2026-07-12 23:30:00,136.83,927.6,138.32,315.5,,,,,93.68,43.150000000000006,44.639999999999986,,,132.73
2026-07-13 00:00:00,134.61,871.0,136.55,277.2,,,,,89.15,45.46000000000001,47.400000000000006,,,128.76
2026-07-13 00:30:00,130.75,919.3,134.15,295.1,,,,,89.48,41.269999999999996,44.67,,,128.76
2026-07-13 01:00:00,126.76,835.5,125.77,189.9,,,,,83.46,43.30000000000001,42.31,,,124.78
2026-07-13 01:30:00,126.76,848.4,125.0,209.9,,,,,78.55,48.21000000000001,46.45,,,124.78
2026-07-13 02:00:00,131.12,948.3,124.5,340.3,,,,,86.2,44.92,38.3,,,121.75
2026-07-13 02:30:00,132.8,966.7,123.38,370.7,,,,,82.62,50.18000000000001,40.75999999999999,,,121.75
2026-07-13 03:00:00,126.42,925.4,122.57,305.4,,,,,82.89,43.53,39.67999999999999,,,120.46
2026-07-13 03:30:00,126.42,911.7,120.91,281.9,,,,,77.18,49.239999999999995,43.72999999999999,,,120.46
2026-07-13 04:00:00,128.54,873.7,133.05,275.8,,,,,122.93,5.609999999999985,10.120000000000005,,,121.99
2026-07-13 04:30:00,127.84,903.8,129.45,237.1,,,,,198.5,-70.66,-69.05000000000001,,,121.99
2026-07-13 05:00:00,137.68,987.0,145.91,271.9,,,,,225.16,-87.47999999999999,-79.25,,,135.66
2026-07-13 05:30:00,139.0,897.0,142.58,204.6,,,,,127.2,11.799999999999997,15.38000000000001,,,135.66
2026-07-13 06:00:00,144.64,1097.2,144.08,422.5,,,,,211.46,-66.82000000000002,-67.38,,,137.88
2026-07-13 06:30:00,155.43,1069.2,143.64,392.3,,,,,253.24,-97.81,-109.60000000000002,,,137.88
2026-07-13 07:00:00,190.0,1209.1,144.9,549.6,,,,,198.18,-8.180000000000007,-53.28,,,140.55
2026-07-13 07:30:00,201.0,1202.8,147.24,550.8,,,,,198.2,2.8000000000000114,-50.95999999999998,,,140.55
2026-07-13 08:00:00,178.58,1210.6,130.86,509.2,,,,,198.21,-19.629999999999995,-67.35,,,122.2
2026-07-13 08:30:00,187.24,1233.6,136.02,552.5,,,,,198.2,-10.95999999999998,-62.17999999999998,,,122.2
2026-07-13 09:00:00,168.5,1196.9,128.53,462.2,,,,,201.86,-33.360000000000014,-73.33000000000001,,,121.38
2026-07-13 09:30:00,156.47,1240.8,122.1,441.1,,,,,203.93,-47.46000000000001,-81.83000000000001,,,121.38
2026-07-13 10:00:00,131.4,1160.6,120.72,353.3,,,,,200.68,-69.28,-79.96000000000001,,,113.19
2026-07-13 10:30:00,123.85,1189.3,110.19,342.6,,,,,197.61,-73.76000000000002,-87.42000000000002,,,113.19
2026-07-13 11:00:00,103.97,1090.9,90.22,251.2,94.0,74.9,,,197.87,-93.9,-107.65,-103.87,,93.51
2026-07-13 11:30:00,100.6,1071.9,85.02,276.5,89.82,66.4,,,197.58,-96.98000000000002,-112.56000000000002,-107.76000000000002,,93.51
2026-07-13 12:00:00,98.59,1184.5,92.44,332.8,100.0,96.8,,,207.25,-108.66,-114.81,-107.25,,87.62
2026-07-13 12:30:00,98.31,1161.1,92.23,351.3,100.16,87.7,,,199.61,-101.30000000000001,-107.38000000000001,-99.45000000000002,,87.62
2026-07-13 13:00:00,96.58,1095.7,93.73,337.5,100.16,72.1,,,202.8,-106.22000000000001,-109.07000000000001,-102.64000000000001,,81.29
2026-07-13 13:30:00,94.7,1119.4,92.12,372.0,100.16,73.1,,,211.02,-116.32000000000001,-118.9,-110.86000000000001,,81.29
2026-07-13 14:00:00,95.9,1117.8,97.02,332.5,101.75,78.1,,,43.93,51.970000000000006,53.089999999999996,57.82,,84.32
2026-07-13 14:30:00,97.1,1125.3,97.1,308.9,100.16,86.8,,,47.04,50.059999999999995,50.059999999999995,53.12,,84.32
2026-07-13 15:00:00,98.31,1083.2,99.31,325.7,100.16,42.8,,,24.95,73.36,74.36,75.21,,90.83
2026-07-13 15:30:00,98.57,1049.7,100.32,243.3,106.0,67.6,,,26.23,72.33999999999999,74.08999999999999,79.77,,90.83
2026-07-13 16:00:00,112.66,1151.5,116.29,217.4,124.42,59.3,,,56.5,56.16,59.790000000000006,67.92,,112.08
2026-07-13 16:30:00,116.76,1018.4,107.08,132.1,119.78,51.1,,,45.55,71.21000000000001,61.53,74.23,,112.08
2026-07-13 17:00:00,127.38,1045.9,126.05,191.5,130.01,40.6,130.0,9.1,107.34,20.039999999999992,18.709999999999994,22.669999999999987,22.659999999999997,132.43
2026-07-13 17:30:00,134.44,967.7,135.84,117.3,135.77,74.4,151.0,11.3,212.15,-77.71000000000001,-76.31,-76.38,-61.150000000000006,132.43
2026-07-13 18:00:00,157.75,1121.0,149.53,246.5,153.49,50.1,200.0,9.0,213.0,-55.25,-63.47,-59.50999999999999,-13.0,157.79
2026-07-13 18:30:00,162.48,1047.5,157.3,241.0,157.41,71.3,180.0,11.4,213.45,-50.97,-56.14999999999998,-56.03999999999999,-33.44999999999999,157.79
2026-07-13 19:00:00,166.36,951.2,168.12,201.4,170.6,58.5,220.0,6.0,202.28,-35.91999999999999,-34.16,-31.680000000000007,17.72,164.22
2026-07-13 19:30:00,167.4,1001.3,170.48,274.2,160.0,73.0,210.0,11.4,229.56,-62.16,-59.08000000000001,-69.56,-19.560000000000002,164.22
2026-07-13 20:00:00,168.88,1015.4,174.6,340.3,162.64,62.2,210.0,11.7,349.78,-180.89999999999998,-175.17999999999998,-187.14,-139.77999999999997,160.52
2026-07-13 20:30:00,168.01,1016.2,172.48,367.0,172.7,58.2,220.0,6.0,250.24,-82.23000000000002,-77.76000000000002,-77.54000000000002,-30.24000000000001,160.52
2026-07-13 21:00:00,175.42,1090.5,168.88,417.4,156.68,61.2,206.64,22.2,226.28,-50.860000000000014,-57.400000000000006,-69.6,-19.640000000000015,156.05
2026-07-13 21:30:00,167.28,1068.6,166.7,440.7,154.09,33.3,185.0,16.0,223.92,-56.639999999999986,-57.22,-69.82999999999998,-38.91999999999999,156.05
2026-07-13 22:00:00,160.4,1013.8,161.95,396.3,148.54,51.4,180.0,11.9,180.92,-20.519999999999982,-18.97,-32.379999999999995,-0.9199999999999875,140.05
2026-07-13 22:30:00,158.68,1100.9,157.6,467.4,149.2,40.1,152.0,14.0,157.89,0.7900000000000205,-0.28999999999999204,-8.689999999999998,-5.889999999999986,140.05
2026-07-13 23:00:00,154.88,1014.6,154.88,420.8,,,,,139.49,15.389999999999986,15.389999999999986,,,138.76
2026-07-13 23:30:00,146.01,994.0,141.7,416.6,,,,,92.57,53.44,49.129999999999995,,,138.76
2026-07-14 00:00:00,140.6,911.5,141.46,355.7,,,,,96.0,44.599999999999994,45.46000000000001,,,132.06
2026-07-14 00:30:00,138.01,950.5,138.0,384.4,,,,,94.96,43.05,43.040000000000006,,,132.06
2026-07-14 01:00:00,134.27,860.8,134.3,322.4,,,,,89.26,45.010000000000005,45.040000000000006,,,128.08
2026-07-14 01:30:00,134.01,888.6,132.12,349.2,,,,,86.45,47.55999999999999,45.67,,,128.08
2026-07-14 02:00:00,135.2,907.5,135.01,355.6,,,,,75.98,59.219999999999985,59.02999999999999,,,126.84
2026-07-14 02:30:00,132.01,873.7,131.78,324.0,,,,,76.21,55.8,55.57000000000001,,,126.84
2026-07-14 03:00:00,133.29,853.3,130.19,326.5,,,,,94.32,38.97,35.870000000000005,,,126.1
2026-07-14 03:30:00,132.01,866.5,130.0,333.0,,,,,90.38,41.629999999999995,39.620000000000005,,,126.1
2026-07-14 04:00:00,137.45,845.3,137.66,317.7,,,,,99.84,37.609999999999985,37.81999999999999,,,129.82
2026-07-14 04:30:00,135.0,815.5,134.43,252.7,,,,,164.6,-29.599999999999994,-30.169999999999987,,,129.82
2026-07-14 05:00:00,136.51,892.6,133.56,291.4,,,,,201.68,-65.17000000000002,-68.12,,,132.97
2026-07-14 05:30:00,138.83,800.0,136.23,229.8,,,,,107.79,31.040000000000006,28.439999999999984,,,132.97
2026-07-14 06:00:00,148.35,1012.5,135.64,425.2,,,,,129.06,19.289999999999992,6.579999999999984,,,142.48
2026-07-14 06:30:00,151.3,975.5,146.15,436.4,,,,,204.09,-52.78999999999999,-57.94,,,142.48
2026-07-14 07:00:00,162.49,1126.3,152.1,578.4,,,,,215.52,-53.03,-63.420000000000016,,,137.49
2026-07-14 07:30:00,173.46,1107.3,180.5,597.0,,,,,217.73,-44.26999999999998,-37.22999999999999,,,137.49
2026-07-14 08:00:00,172.25,1155.7,175.2,580.9,,,,,221.11,-48.860000000000014,-45.910000000000025,,,130.88
2026-07-14 08:30:00,172.25,1150.2,154.9,565.1,,,,,198.74,-26.49000000000001,-43.84,,,130.88
2026-07-14 09:00:00,152.35,1086.9,143.66,508.8,,,,,189.63,-37.28,-45.97,,,130.15
2026-07-14 09:30:00,143.4,1101.7,135.0,478.6,,,,,117.65,25.75,17.349999999999994,,,130.15
2026-07-14 10:00:00,132.01,1014.0,135.2,339.1,,,,,144.19,-12.180000000000007,-8.990000000000009,,,125.48
2026-07-14 10:30:00,128.9,1094.1,127.59,358.5,,,,,191.32,-62.41999999999999,-63.72999999999999,,,125.48
2026-07-14 11:00:00,125.8,1187.4,121.28,421.7,115.0,50.2,,,250.03,-124.23,-128.75,-135.03,,111.3
2026-07-14 11:30:00,121.0,1208.8,117.54,415.3,120.7,54.8,,,250.01,-129.01,-132.46999999999997,-129.31,,111.3
2026-07-14 12:00:00,119.78,1227.6,116.54,401.5,116.0,49.4,,,239.31,-119.53,-122.77,-123.31,,110.4
2026-07-14 12:30:00,119.27,1239.6,115.56,407.1,115.0,52.0,,,250.0,-130.73000000000002,-134.44,-135.0,,110.4
2026-07-14 13:00:00,114.19,1140.7,115.19,296.4,124.22,73.6,,,250.04,-135.85,-134.85,-125.82,,107.09
2026-07-14 13:30:00,112.01,1192.6,111.06,324.5,117.19,78.3,,,249.01,-137.0,-137.95,-131.82,,107.09
2026-07-14 14:00:00,110.64,1121.2,111.64,274.1,114.32,80.2,,,85.84,24.799999999999997,25.799999999999997,28.47999999999999,,104.77
2026-07-14 14:30:00,110.01,1125.6,112.09,258.3,114.33,84.8,,,148.88,-38.86999999999999,-36.78999999999999,-34.55,,104.77
2026-07-14 15:00:00,116.01,1182.5,117.96,330.9,125.0,59.8,,,112.66,3.3500000000000085,5.299999999999997,12.340000000000003,,111.28
2026-07-14 15:30:00,116.01,1096.6,122.89,241.4,130.07,55.5,,,55.19,60.82000000000001,67.7,74.88,,111.28
2026-07-14 16:00:00,126.24,1068.9,127.07,198.7,132.14,59.7,,,20.9,105.34,106.16999999999999,111.23999999999998,,125.96
2026-07-14 16:30:00,127.7,1003.3,121.73,173.2,119.8,68.9,,,18.82,108.88,102.91,100.97999999999999,,125.96
2026-07-14 17:00:00,135.93,1049.9,131.9,255.4,137.82,41.7,130.0,16.9,60.08,75.85000000000001,71.82000000000001,77.74,69.92,135.97
2026-07-14 17:30:00,141.11,952.2,138.78,227.9,143.4,45.0,110.0,5.9,76.93,64.18,61.849999999999994,66.47,33.06999999999999,135.97
2026-07-14 18:00:00,164.66,1112.5,154.68,421.7,160.58,57.0,140.0,13.3,64.25,100.41,90.43,96.33000000000001,75.75,159.97
2026-07-14 18:30:00,171.69,1094.0,173.35,430.3,183.25,72.2,161.01,17.3,76.7,94.99,96.64999999999999,106.55,84.30999999999999,159.97
2026-07-14 19:00:00,184.01,1067.4,176.82,426.9,169.9,65.7,160.0,21.6,84.33,99.67999999999999,92.49,85.57000000000001,75.67,175.74
2026-07-14 19:30:00,186.48,1004.9,186.0,408.7,198.88,94.6,185.14,20.0,395.3,-208.82000000000002,-209.3,-196.42000000000002,-210.16000000000003,175.74
2026-07-14 20:00:00,196.85,1051.7,187.29,477.0,215.16,44.5,253.02,10.2,442.63,-245.78,-255.34,-227.47,-189.60999999999999,178.1
2026-07-14 20:30:00,201.0,1058.7,195.02,485.4,246.08,26.7,249.34,20.5,486.23,-285.23,-291.21000000000004,-240.15,-236.89000000000001,178.1
2026-07-14 21:00:00,187.18,1073.4,187.0,476.9,215.5,34.8,273.98,6.1,488.32,-301.14,-301.32,-272.82,-214.33999999999997,168.84
2026-07-14 21:30:00,189.6,1110.6,190.0,524.6,219.24,39.8,225.2,7.7,104.06,85.53999999999999,85.94,115.18,121.13999999999999,168.84
2026-07-14 22:00:00,193.23,1153.5,207.73,522.0,222.64,37.4,338.65,7.8,106.93,86.29999999999998,100.79999999999998,115.70999999999998,231.71999999999997,155.49
2026-07-14 22:30:00,180.0,1144.7,191.5,523.5,241.5,29.3,247.5,28.0,104.24,75.76,87.26,137.26,143.26,155.49
2026-07-14 23:00:00,201.0,1166.6,163.02,565.0,,,,,182.98,18.02000000000001,-19.95999999999998,,,148.63
2026-07-14 23:30:00,175.34,1114.3,158.17,585.9,,,,,129.9,45.44,28.269999999999982,,,148.63
2026-07-15 00:00:00,170.0,1042.4,147.63,485.9,,,,,130.0,40.0,17.629999999999995,,,144.2
2026-07-15 00:30:00,163.24,1063.1,149.75,504.7,,,,,130.0,33.24000000000001,19.75,,,144.2
2026-07-15 01:00:00,154.68,1014.6,139.79,445.8,,,,,130.0,24.680000000000007,9.789999999999992,,,137.12
2026-07-15 01:30:00,152.22,998.6,134.96,428.7,,,,,130.0,22.22,4.960000000000008,,,137.12
2026-07-15 02:00:00,160.0,1038.5,136.68,480.6,,,,,130.0,30.0,6.680000000000007,,,133.44
2026-07-15 02:30:00,155.8,1009.6,130.0,464.3,,,,,121.07,34.73000000000002,8.930000000000007,,,133.44
2026-07-15 03:00:00,152.19,1013.6,134.55,478.0,,,,,101.15,51.03999999999999,33.400000000000006,,,132.67
2026-07-15 03:30:00,154.94,1018.7,131.5,488.3,,,,,103.87,51.06999999999999,27.629999999999995,,,132.67
2026-07-15 04:00:00,152.93,954.9,147.3,436.5,,,,,101.02,51.91000000000001,46.280000000000015,,,138.6
2026-07-15 04:30:00,155.69,945.1,147.39,376.2,,,,,100.35,55.34,47.03999999999999,,,138.6
2026-07-15 05:00:00,159.03,988.6,157.48,393.3,,,,,102.17,56.86,55.30999999999999,,,149.65
2026-07-15 05:30:00,157.85,868.6,156.54,233.2,,,,,106.15,51.69999999999999,50.389999999999986,,,149.65
2026-07-15 06:00:00,168.01,1082.7,156.83,492.2,,,,,107.31,60.69999999999999,49.52000000000001,,,159.39
2026-07-15 06:30:00,189.51,1072.5,167.18,478.2,,,,,113.65,75.85999999999999,53.53,,,159.39
2026-07-15 07:00:00,201.0,1185.4,187.64,573.9,,,,,101.34,99.66,86.29999999999998,,,154.26
2026-07-15 07:30:00,224.91,1135.9,216.9,562.8,,,,,106.67,118.24,110.23,,,154.26
2026-07-15 08:00:00,231.76,1279.6,225.45,645.3,,,,,130.41,101.35,95.03999999999999,,,140.64
2026-07-15 08:30:00,227.7,1273.0,200.0,596.5,,,,,261.07,-33.370000000000005,-61.06999999999999,,,140.64
2026-07-15 09:00:00,208.16,1233.1,180.0,620.9,,,,,260.6,-52.440000000000026,-80.60000000000002,,,128.92
2026-07-15 09:30:00,189.99,1249.3,148.39,623.2,,,,,284.75,-94.75999999999999,-136.36,,,128.92
2026-07-15 10:00:00,167.0,1137.6,130.0,493.5,,,,,40.23,126.77000000000001,89.77000000000001,,,123.04
2026-07-15 10:30:00,148.26,1181.6,121.82,461.1,,,,,23.11,125.14999999999999,98.71,,,123.04
2026-07-15 11:00:00,146.88,1199.3,122.77,467.3,118.79,56.8,,,122.67,24.209999999999994,0.09999999999999432,-3.8799999999999955,,116.01
2026-07-15 11:30:00,141.0,1209.1,121.04,460.6,116.02,47.6,,,58.88,82.12,62.160000000000004,57.13999999999999,,116.01
2026-07-15 12:00:00,139.0,1214.9,121.48,455.5,114.52,52.4,,,51.21,87.78999999999999,70.27000000000001,63.309999999999995,,117.2
2026-07-15 12:30:00,135.61,1208.9,116.8,446.2,117.8,40.4,,,86.38,49.23000000000002,30.42,31.42,,117.2
2026-07-15 13:00:00,137.06,1203.3,121.41,464.4,117.91,43.8,,,170.53,-33.47,-49.120000000000005,-52.620000000000005,,115.99
2026-07-15 13:30:00,135.0,1194.1,119.82,453.5,117.55,47.3,,,161.06,-26.060000000000002,-41.24000000000001,-43.510000000000005,,115.99
2026-07-15 14:00:00,137.0,1181.8,118.29,462.4,110.15,49.9,,,111.49,25.510000000000005,6.800000000000011,-1.3399999999999892,,117.2
2026-07-15 14:30:00,135.96,1128.3,115.31,402.0,112.0,54.8,,,42.52,93.44,72.78999999999999,69.47999999999999,,117.2
2026-07-15 15:00:00,139.64,1151.3,118.93,443.6,112.57,60.0,,,52.29,87.35,66.64000000000001,60.279999999999994,,117.24
2026-07-15 15:30:00,142.86,1108.1,121.53,394.9,116.43,53.3,,,69.09,73.77000000000001,52.44,47.34,,117.24
2026-07-15 16:00:00,146.5,1124.1,134.08,426.9,128.02,63.0,,,34.24,112.25999999999999,99.84,93.78,,130.69
2026-07-15 16:30:00,156.5,1079.2,130.33,430.9,120.0,62.7,,,91.53,64.97,38.80000000000001,28.47,,130.69
2026-07-15 17:00:00,158.49,1144.3,145.2,513.4,137.71,38.0,125.0,13.5,45.53,112.96000000000001,99.66999999999999,92.18,79.47,144.07
2026-07-15 17:30:00,179.24,1107.0,154.76,508.4,141.4,29.0,136.87,14.5,54.26,124.98000000000002,100.5,87.14000000000001,82.61000000000001,144.07
2026-07-15 18:00:00,196.19,1181.4,168.87,573.3,160.0,51.8,170.0,14.5,85.86,110.33,83.01,74.14,84.14,172.21
2026-07-15 18:30:00,219.79,1133.5,182.84,498.2,190.33,80.7,212.7,19.4,224.98,-5.189999999999998,-42.139999999999986,-34.64999999999998,-12.280000000000001,172.21
2026-07-15 19:00:00,214.46,1034.3,199.0,562.5,192.72,66.5,221.9,19.3,165.6,48.860000000000014,33.400000000000006,27.120000000000005,56.30000000000001,192.2
2026-07-15 19:30:00,239.67,1075.3,201.78,582.2,207.91,74.9,249.1,19.4,313.84,-74.16999999999999,-112.05999999999997,-105.92999999999998,-64.73999999999998,192.2
2026-07-15 20:00:00,248.67,1140.5,201.61,664.0,205.3,64.8,246.34,27.7,270.88,-22.210000000000008,-69.26999999999998,-65.57999999999998,-24.539999999999992,192.72
2026-07-15 20:30:00,247.7,1146.1,199.34,654.0,201.64,56.9,221.51,13.1,166.37,81.32999999999998,32.97,35.26999999999998,55.139999999999986,192.72
2026-07-15 21:00:00,250.1,1131.5,205.33,647.3,205.33,61.7,230.0,13.2,203.83,46.26999999999998,1.5,1.5,26.169999999999987,182.83
2026-07-15 21:30:00,233.81,1117.5,196.9,651.9,194.55,35.1,240.48,9.8,132.4,101.41,64.5,62.150000000000006,108.07999999999998,182.83
2026-07-15 22:00:00,237.52,1080.6,186.77,626.2,192.92,28.1,200.0,7.1,137.32,100.20000000000002,49.45000000000002,55.599999999999994,62.68000000000001,166.53
2026-07-15 22:30:00,228.45,1115.7,172.14,668.6,177.83,21.5,170.0,5.1,136.49,91.95999999999998,35.64999999999998,41.34,33.50999999999999,166.53
2026-07-15 23:00:00,266.58,894.3,172.48,841.3,,,,,344.69,-78.11000000000001,-172.21,,,161.39
2026-07-15 23:30:00,246.98,902.7,170.39,866.3,,,,,256.13,-9.150000000000006,-85.74000000000001,,,161.39
2026-07-16 00:00:00,245.33,882.3,161.17,808.1,,,,,233.56,11.77000000000001,-72.39000000000001,,,155.81
2026-07-16 00:30:00,220.0,839.2,158.95,766.6,,,,,114.59,105.41,44.359999999999985,,,155.81
2026-07-16 01:00:00,209.8,777.9,158.38,747.9,,,,,116.49,93.31000000000002,41.89,,,147.79
2026-07-16 01:30:00,205.6,776.8,156.72,733.0,,,,,118.43,87.16999999999999,38.28999999999999,,,147.79
2026-07-16 02:00:00,211.97,774.2,157.59,756.7,,,,,117.57,94.4,40.02000000000001,,,142.03
2026-07-16 02:30:00,212.9,748.3,154.8,715.2,,,,,117.0,95.9,37.80000000000001,,,142.03
2026-07-16 03:00:00,201.45,713.0,154.45,683.3,,,,,114.54,86.90999999999998,39.90999999999998,,,139.23
2026-07-16 03:30:00,199.72,712.8,149.72,681.7,,,,,116.37,83.35,33.349999999999994,,,139.23
2026-07-16 04:00:00,196.24,720.2,163.61,689.7,,,,,122.61,73.63000000000001,41.000000000000014,,,144.93
2026-07-16 04:30:00,200.0,697.2,161.14,661.0,,,,,118.28,81.72,42.859999999999985,,,144.93
2026-07-16 05:00:00,194.17,720.8,168.16,679.0,,,,,327.86,-133.69000000000003,-159.70000000000002,,,158.99
2026-07-16 05:30:00,200.0,699.9,170.08,646.4,,,,,374.95,-174.95,-204.86999999999998,,,158.99
2026-07-16 06:00:00,201.99,791.2,171.61,702.7,,,,,333.23,-131.24,-161.62,,,166.79
2026-07-16 06:30:00,246.79,880.1,176.82,763.8,,,,,282.06,-35.27000000000001,-105.24000000000001,,,166.79
2026-07-16 07:00:00,275.63,911.3,174.07,776.3,,,,,325.72,-50.09000000000003,-151.65000000000003,,,161.68
2026-07-16 07:30:00,287.11,923.2,192.19,767.3,,,,,161.65,125.46000000000001,30.539999999999992,,,161.68
2026-07-16 08:00:00,294.5,986.8,184.5,772.4,,,,,289.09,5.410000000000025,-104.58999999999997,,,145.65
2026-07-16 08:30:00,290.0,978.6,190.0,754.0,,,,,324.5,-34.5,-134.5,,,145.65
2026-07-16 09:00:00,262.83,989.1,140.13,806.6,,,,,292.31,-29.480000000000018,-152.18,,,133.57
2026-07-16 09:30:00,216.85,957.7,136.73,750.9,,,,,249.83,-32.98000000000002,-113.10000000000002,,,133.57
2026-07-16 10:00:00,201.0,940.1,133.17,704.6,,,,,183.82,17.180000000000007,-50.650000000000006,,,125.55
2026-07-16 10:30:00,170.0,920.1,123.02,641.4,,,,,158.92,11.080000000000013,-35.89999999999999,,,125.55
2026-07-16 11:00:00,165.0,919.9,130.38,653.8,120.0,34.0,,,155.54,9.460000000000008,-25.159999999999997,-35.53999999999999,,121.31
2026-07-16 11:30:00,160.16,919.1,124.9,639.8,106.17,34.1,,,150.53,9.629999999999995,-25.629999999999995,-44.36,,121.31
2026-07-16 12:00:00,158.15,943.0,125.97,657.0,104.97,17.0,,,149.73,8.420000000000016,-23.75999999999999,-44.75999999999999,,119.66
2026-07-16 12:30:00,160.0,909.5,121.85,592.1,108.88,16.5,,,150.45,9.550000000000011,-28.599999999999994,-41.56999999999999,,119.66
2026-07-16 13:00:00,160.16,936.2,124.24,647.0,106.53,18.8,,,143.09,17.069999999999993,-18.85000000000001,-36.56,,121.35
2026-07-16 13:30:00,158.96,915.9,122.84,614.5,105.24,19.1,,,149.88,9.080000000000013,-27.039999999999992,-44.64,,121.35
2026-07-16 14:00:00,152.11,909.8,123.29,609.8,113.39,24.8,,,110.45,41.66000000000001,12.840000000000003,2.9399999999999977,,121.77
2026-07-16 14:30:00,158.15,880.2,125.87,564.1,115.97,16.9,,,119.16,38.99000000000001,6.710000000000008,-3.1899999999999977,,121.77
2026-07-16 15:00:00,152.11,875.3,127.1,581.0,111.8,37.3,,,92.65,59.46000000000001,34.44999999999999,19.14999999999999,,127.71
2026-07-16 15:30:00,154.33,851.2,129.79,517.8,120.0,58.5,,,87.09,67.24000000000001,42.69999999999999,32.91,,127.71
2026-07-16 16:00:00,165.97,863.3,140.42,550.7,144.02,46.2,,,95.18,70.78999999999999,45.23999999999998,48.84,,148.37
2026-07-16 16:30:00,175.97,873.7,135.41,547.7,142.17,59.9,,,127.46,48.510000000000005,7.950000000000003,14.709999999999994,,148.37
2026-07-16 17:00:00,186.0,882.2,166.0,569.9,163.78,42.4,153.78,14.4,281.53,-95.52999999999997,-115.52999999999997,-117.74999999999997,-127.74999999999997,168.97
2026-07-16 17:30:00,204.15,861.7,186.0,578.7,188.96,55.3,192.8,12.5,246.18,-42.03,-60.18000000000001,-57.22,-53.379999999999995,168.97
2026-07-16 18:00:00,225.9,876.4,215.52,601.9,215.59,81.2,200.49,12.6,202.52,23.379999999999995,13.0,13.069999999999993,-2.030000000000001,201.16
2026-07-16 18:30:00,240.75,865.4,241.79,664.1,220.67,58.2,259.0,18.3,298.98,-58.23000000000002,-57.190000000000026,-78.31000000000003,-39.98000000000002,201.16
2026-07-16 19:00:00,256.4,830.9,230.0,610.5,224.6,74.4,259.0,12.8,215.31,41.089999999999975,14.689999999999998,9.289999999999992,43.69,231.19
2026-07-16 19:30:00,267.16,827.1,231.42,652.8,233.73,88.0,248.73,21.2,318.67,-51.50999999999999,-87.25000000000003,-84.94000000000003,-69.94000000000003,231.19
2026-07-16 20:00:00,264.04,816.7,232.27,614.2,219.64,94.4,285.0,14.8,290.97,-26.930000000000007,-58.70000000000002,-71.33000000000004,-5.970000000000027,228.85
2026-07-16 20:30:00,269.35,849.7,230.04,679.8,217.91,81.5,251.84,3.9,322.42,-53.06999999999999,-92.38000000000002,-104.51000000000002,-70.58000000000001,228.85
2026-07-16 21:00:00,267.57,797.2,223.89,643.5,215.58,47.2,265.58,5.5,322.42,-54.85000000000002,-98.53000000000003,-106.84,-56.84000000000003,220.62
2026-07-16 21:30:00,264.42,860.1,216.24,697.5,215.22,48.3,293.0,5.8,349.69,-85.26999999999998,-133.45,-134.47,-56.69,220.62
2026-07-16 22:00:00,249.5,849.5,204.7,722.7,194.31,44.5,233.77,5.1,386.83,-137.32999999999998,-182.13,-192.51999999999998,-153.05999999999997,184.45
2026-07-16 22:30:00,243.18,873.2,191.91,767.4,190.72,46.2,239.68,12.3,361.55,-118.37,-169.64000000000001,-170.83,-121.87,184.45
2026-07-16 23:00:00,225.0,1279.2,319.38,657.3,,,,,336.01,-111.00999999999999,-16.629999999999995,,,164.49
2026-07-16 23:30:00,203.38,1259.0,297.38,682.1,,,,,357.71,-154.32999999999998,-60.329999999999984,,,164.49
2026-07-17 00:00:00,182.85,1110.6,241.84,552.3,,,,,304.14,-121.28999999999999,-62.29999999999998,,,157.22
2026-07-17 00:30:00,174.94,1113.6,189.94,599.8,,,,,144.61,30.329999999999984,45.329999999999984,,,157.22
2026-07-17 01:00:00,165.05,1039.4,165.33,537.8,,,,,98.17,66.88000000000001,67.16000000000001,,,147.34
2026-07-17 01:30:00,163.86,1017.3,166.52,477.9,,,,,114.25,49.610000000000014,52.27000000000001,,,147.34
2026-07-17 02:00:00,162.9,1062.5,163.24,540.0,,,,,106.28,56.620000000000005,56.96000000000001,,,142.94
2026-07-17 02:30:00,159.1,1035.4,155.22,509.5,,,,,111.59,47.50999999999999,43.629999999999995,,,142.94
2026-07-17 03:00:00,155.0,994.2,160.17,510.8,,,,,111.94,43.06,48.22999999999999,,,138.84
2026-07-17 03:30:00,150.77,996.9,156.85,476.8,,,,,111.33,39.44000000000001,45.519999999999996,,,138.84
2026-07-17 04:00:00,148.5,1034.0,156.31,445.2,,,,,97.19,51.31,59.120000000000005,,,137.54
2026-07-17 04:30:00,146.09,984.5,157.53,372.7,,,,,113.07,33.02000000000001,44.46000000000001,,,137.54
2026-07-17 05:00:00,155.82,1008.2,168.45,416.9,,,,,223.91,-68.09,-55.46000000000001,,,150.53
2026-07-17 05:30:00,156.9,961.3,170.84,353.8,,,,,203.87,-46.97,-33.03,,,150.53
2026-07-17 06:00:00,163.64,1084.4,170.0,450.0,,,,,104.99,58.64999999999999,65.01,,,158.08
2026-07-17 06:30:00,172.0,1115.4,182.1,448.7,,,,,104.53,67.47,77.57,,,158.08
2026-07-17 07:00:00,177.25,1310.5,192.25,590.1,,,,,94.05,83.2,98.2,,,157.73
2026-07-17 07:30:00,180.8,1259.3,239.79,529.3,,,,,104.76,76.04,135.02999999999997,,,157.73
2026-07-17 08:00:00,179.63,1380.3,238.62,614.4,,,,,230.98,-51.349999999999994,7.640000000000015,,,143.93
2026-07-17 08:30:00,179.33,1375.1,194.33,585.4,,,,,170.15,9.180000000000007,24.180000000000007,,,143.93
2026-07-17 09:00:00,154.0,1311.6,149.08,533.1,,,,,101.25,52.75,47.83000000000001,,,134.48
2026-07-17 09:30:00,145.1,1285.1,141.36,463.6,,,,,84.12,60.97999999999999,57.24000000000001,,,134.48
2026-07-17 10:00:00,138.01,1115.2,141.26,320.2,,,,,79.91,58.099999999999994,61.349999999999994,,,131.18
2026-07-17 10:30:00,135.89,1167.8,133.22,329.4,,,,,59.01,76.88,74.21000000000001,,,131.18
2026-07-17 11:00:00,127.67,1317.5,126.59,414.4,124.88,55.0,,,134.88,-7.209999999999994,-8.289999999999992,-10.0,,115.87
2026-07-17 11:30:00,122.84,1310.1,123.66,361.2,119.72,39.7,,,99.37,23.47,24.289999999999992,20.349999999999994,,115.87
2026-07-17 12:00:00,121.08,1294.1,122.7,317.8,119.17,34.2,,,110.65,10.429999999999993,12.049999999999997,8.519999999999996,,113.01
2026-07-17 12:30:00,121.08,1344.9,122.69,331.5,115.22,43.0,,,101.86,19.22,20.83,13.36,,113.01
2026-07-17 13:00:00,120.4,1303.8,122.69,320.4,117.92,46.8,,,96.85,23.55000000000001,25.840000000000003,21.070000000000007,,112.7
2026-07-17 13:30:00,117.7,1310.0,122.69,288.7,115.75,16.9,,,149.88,-32.17999999999999,-27.189999999999998,-34.129999999999995,,112.7
2026-07-17 14:00:00,116.5,1224.9,122.37,266.2,116.5,33.4,,,148.85,-32.349999999999994,-26.47999999999999,-32.349999999999994,,112.19
2026-07-17 14:30:00,115.0,1159.3,121.45,188.3,115.0,18.4,,,166.91,-51.91,-45.459999999999994,-51.91,,112.19
2026-07-17 15:00:00,116.78,1174.8,122.03,164.4,116.28,20.5,,,176.08,-59.30000000000001,-54.05000000000001,-59.80000000000001,,115.77
2026-07-17 15:30:00,117.77,1157.6,125.69,164.1,129.83,45.9,,,250.27,-132.5,-124.58000000000001,-120.44,,115.77
2026-07-17 16:00:00,125.69,1200.1,129.48,183.7,132.69,32.6,,,53.73,71.96000000000001,75.75,78.96000000000001,,131.58
2026-07-17 16:30:00,128.48,1174.3,127.92,135.7,129.93,34.7,,,217.87,-89.39000000000001,-89.95,-87.94,,131.58
2026-07-17 17:00:00,137.67,1173.5,138.01,139.6,148.85,37.2,188.06,16.9,241.28,-103.61000000000001,-103.27000000000001,-92.43,-53.22,142.15
2026-07-17 17:30:00,140.15,1140.8,140.0,142.7,151.29,34.0,193.0,8.1,256.17,-116.02000000000001,-116.17000000000002,-104.88000000000002,-63.170000000000016,142.15
2026-07-17 18:00:00,158.65,1312.4,157.84,231.6,160.78,71.6,180.0,21.5,257.0,-98.35,-99.16,-96.22,-77.0,163.68
2026-07-17 18:30:00,163.06,1224.0,166.29,149.4,170.0,78.3,211.17,22.9,256.83,-93.76999999999998,-90.53999999999999,-86.82999999999998,-45.66,163.68
2026-07-17 19:00:00,172.91,1259.4,169.39,228.8,165.77,70.8,169.8,31.3,218.68,-45.77000000000001,-49.29000000000002,-52.91,-48.879999999999995,174.44
2026-07-17 19:30:00,174.01,1208.4,172.32,184.6,178.71,95.1,190.0,19.8,289.87,-115.86000000000001,-117.55000000000001,-111.16,-99.87,174.44
2026-07-17 20:00:00,175.7,1197.2,176.93,223.9,178.8,73.8,210.2,16.4,270.51,-94.81,-93.57999999999998,-91.70999999999998,-60.31,176.71
2026-07-17 20:30:00,175.05,1212.5,175.08,212.2,178.71,109.1,217.0,9.7,245.72,-70.66999999999999,-70.63999999999999,-67.00999999999999,-28.72,176.71
2026-07-17 21:00:00,172.01,1121.8,177.04,156.2,180.66,101.5,240.66,9.9,194.76,-22.75,-17.72,-14.099999999999994,45.900000000000006,171.6
2026-07-17 21:30:00,169.58,1118.9,170.74,158.0,176.52,59.1,236.52,8.0,131.06,38.52000000000001,39.68000000000001,45.46000000000001,105.46000000000001,171.6
2026-07-17 22:00:00,160.2,1091.0,180.45,220.2,175.21,52.2,200.0,9.8,168.5,-8.300000000000011,11.949999999999989,6.710000000000008,31.5,158.98
2026-07-17 22:30:00,158.97,1035.0,169.15,150.0,170.36,83.6,200.0,13.2,102.73,56.239999999999995,66.42,67.63000000000001,97.27,158.98
