Datetime,DAM_Price,DAM_Volume,IDA1_Price,IDA1_Volume,IDA2_Price,IDA2_Volume,IDA3_Price,IDA3_Volume,ISP,DAM_Spread_to_ISP,IDA1_Spread_to_ISP,IDA2_Spread_to_ISP,IDA3_Spread_to_ISP,GB_DA_Price,SystemDemand,WindGeneration,SolarGeneration,CO2Intensity,InterconnectorFlow,SNSP_Pct,SRMC,SparkSpread
2026-07-04 00:00:00,145.3,1034.4,135.1,326.4,,,,,120.33,24.970000000000013,14.769999999999996,,,120.06,4137.0,1826.0,3.0,173.0,492.5,56.04302634759487,91.28,54.02000000000001
2026-07-04 00:30:00,135.98,1081.3,130.0,376.4,,,,,171.02,-35.04000000000002,-41.02000000000001,,,120.06,4012.5,1719.5,3.0,168.5,632.5,58.61682242990655,91.28,44.69999999999999
2026-07-04 01:00:00,130.9,1029.5,127.05,356.0,,,,,186.54,-55.639999999999986,-59.489999999999995,,,112.04,3918.0,1697.0,3.0,176.5,552.5,57.414497192445126,91.28,39.620000000000005
2026-07-04 01:30:00,125.4,998.3,119.56,317.0,,,,,167.98,-42.579999999999984,-48.41999999999999,,,112.04,3852.5,1659.5,3.0,182.5,514.0,56.4179104477612,91.28,34.120000000000005
2026-07-04 02:00:00,125.0,1036.1,115.0,358.6,,,,,151.66,-26.659999999999997,-36.66,,,102.6,3908.0,1664.5,3.0,172.0,660.5,59.49334698055271,91.28,33.72
2026-07-04 02:30:00,121.8,1023.9,101.2,381.9,,,,,182.61,-60.81000000000002,-81.41000000000001,,,102.6,3933.0,1681.0,3.0,167.0,725.0,61.17467581998475,91.28,30.519999999999996
2026-07-04 03:00:00,110.87,940.4,117.9,302.1,,,,,151.35,-40.47999999999999,-33.44999999999999,,,94.66,3861.5,1630.0,3.0,161.5,808.5,63.14903534895766,91.28,19.590000000000003
2026-07-04 03:30:00,107.72,981.4,112.02,312.7,,,,,187.47,-79.75,-75.45,,,94.66,3783.5,1664.0,3.0,155.0,825.0,65.78564820932998,91.28,16.439999999999998
2026-07-04 04:00:00,99.0,966.7,106.0,298.5,,,,,179.33,-80.33000000000001,-73.33000000000001,,,83.5,3726.5,1616.0,3.0,157.5,825.0,65.50382396350463,91.28,7.719999999999999
2026-07-04 04:30:00,94.73,988.3,87.4,305.7,,,,,177.34,-82.61,-89.94,,,83.5,3685.0,1572.5,3.0,160.0,825.0,65.06105834464043,91.28,3.450000000000003
2026-07-04 05:00:00,85.0,1004.0,72.11,302.4,,,,,179.67,-94.66999999999999,-107.55999999999999,,,72.88,3636.5,1535.5,2.5,163.0,812.5,64.56757871579816,91.28,-6.280000000000001
2026-07-04 05:30:00,84.04,1038.5,73.46,350.3,,,,,66.45,17.590000000000003,7.009999999999991,,,72.88,3611.5,1539.0,5.5,164.5,768.5,63.893119202547425,91.28,-7.239999999999995
2026-07-04 06:00:00,76.78,1056.3,68.1,350.3,,,,,19.22,57.56,48.879999999999995,,,66.85,3678.0,1552.5,21.5,162.5,790.0,63.689505165851,91.28,-14.5
2026-07-04 06:30:00,78.52,1085.0,62.15,359.7,,,,,24.85,53.669999999999995,37.3,,,66.85,3754.0,1600.0,39.0,160.0,797.0,63.85189131592968,91.28,-12.760000000000005
2026-07-04 07:00:00,59.0,1041.1,75.0,327.5,,,,,3.29,55.71,71.71,,,39.76,3881.5,1685.0,58.0,152.0,853.5,65.39997423676414,91.28,-32.28
2026-07-04 07:30:00,61.29,1090.4,73.38,309.9,,,,,90.02,-28.729999999999997,-16.64,,,39.76,4006.5,1720.5,90.5,146.0,891.0,65.18157993260951,91.28,-29.990000000000002
2026-07-04 08:00:00,58.38,1230.2,80.7,421.5,,,,,175.58,-117.20000000000002,-94.88000000000001,,,9.92,4165.0,1635.5,156.0,142.5,972.0,62.60504201680672,91.28,-32.9
2026-07-04 08:30:00,57.11,1206.7,82.8,400.4,,,,,176.33,-119.22000000000001,-93.53000000000002,,,9.92,4271.5,1691.0,221.5,136.5,972.0,62.3434390729252,91.28,-34.17
2026-07-04 09:00:00,53.1,1251.2,81.4,460.6,,,,,175.7,-122.6,-94.29999999999998,,,3.25,4373.5,1749.5,252.5,134.0,972.0,62.227049274036816,91.28,-38.18
2026-07-04 09:30:00,47.27,1224.2,66.76,432.3,,,,,175.66,-128.39,-108.89999999999999,,,3.25,4427.0,1718.5,305.5,131.5,972.0,60.77479105489044,91.28,-44.01
2026-07-04 10:00:00,39.68,1216.0,35.0,414.7,,,,,117.05,-77.37,-82.05,,,0.0,4455.0,1696.0,318.0,132.0,972.0,59.88776655443322,91.28,-51.6
2026-07-04 10:30:00,23.7,1163.1,22.68,384.4,,,,,0.0,23.7,22.68,,,0.0,4450.0,1646.0,355.0,132.5,972.0,58.8314606741573,91.28,-67.58
2026-07-04 11:00:00,20.0,1103.0,19.73,367.8,10.0,45.2,,,0.0,20.0,19.73,10.0,,-0.71,4443.0,1596.0,406.0,132.0,972.0,57.79878460499662,91.28,-71.28
2026-07-04 11:30:00,16.98,1143.2,20.0,386.1,7.99,40.5,,,0.0,16.98,20.0,7.99,,-0.71,4387.5,1546.5,411.0,132.5,972.0,57.4017094017094,91.28,-74.3
2026-07-04 12:00:00,19.0,1102.4,18.44,353.4,9.76,40.2,,,0.0,19.0,18.44,9.76,,-3.27,4347.5,1522.5,429.5,135.5,972.0,57.37780333525014,91.28,-72.28
2026-07-04 12:30:00,11.0,1113.3,15.0,375.4,2.0,40.6,,,0.0,11.0,15.0,2.0,,-3.27,4326.0,1482.0,436.5,137.0,972.0,56.72676837725381,91.28,-80.28
2026-07-04 13:00:00,10.0,1069.8,5.0,351.4,1.0,46.5,,,0.0,10.0,5.0,1.0,,-6.54,4282.5,1461.0,439.0,137.5,972.0,56.81260945709282,91.28,-81.28
2026-07-04 13:30:00,9.46,1065.7,5.0,355.1,1.0,47.1,,,0.0,9.46,5.0,1.0,,-6.54,4260.0,1441.5,464.5,137.5,972.0,56.654929577464785,91.28,-81.82
2026-07-04 14:00:00,10.0,1063.0,5.0,343.8,1.0,42.9,,,0.0,10.0,5.0,1.0,,-7.25,4213.5,1513.0,450.5,140.5,935.5,58.110834223329775,91.28,-81.28
2026-07-04 14:30:00,10.0,1067.8,5.0,342.4,1.0,43.7,,,0.0,10.0,5.0,1.0,,-7.25,4174.5,1482.5,455.0,141.0,942.0,58.07881183375254,91.28,-81.28
2026-07-04 15:00:00,10.0,1100.1,5.1,382.9,1.0,42.9,,,0.0,10.0,5.1,1.0,,-4.32,4149.0,1444.0,447.5,142.5,930.0,57.21860689322729,91.28,-81.28
2026-07-04 15:30:00,13.83,1035.8,5.0,333.0,10.4,48.4,,,0.0,13.83,5.0,10.4,,-4.32,4155.5,1477.5,477.0,143.0,858.0,56.202623029719646,91.28,-77.45
2026-07-04 16:00:00,15.0,1147.2,20.66,364.7,10.0,48.6,,,0.0,15.0,20.66,10.0,,-0.01,4190.5,1429.5,456.5,141.0,882.0,55.160482042715664,91.28,-76.28
2026-07-04 16:30:00,27.88,1048.4,25.0,312.5,25.87,46.6,,,0.0,27.88,25.0,25.87,,-0.01,4251.0,1510.5,430.0,144.0,761.0,53.434486003293344,91.28,-63.400000000000006
2026-07-04 17:00:00,61.13,1225.4,55.0,436.7,49.84,46.8,139.5,8.8,9.89,51.24,45.11,39.95,129.61,43.8,4329.5,1867.0,438.0,140.5,480.0,54.20949301305,91.28,-30.15
2026-07-04 17:30:00,84.0,1223.2,88.16,361.4,84.86,23.8,175.24,9.8,141.72,-57.72,-53.56,-56.86,33.52000000000001,43.8,4470.5,2198.5,448.0,138.0,260.0,54.993848562800586,91.28,-7.280000000000001
2026-07-04 18:00:00,113.7,1262.0,99.21,433.2,93.2,31.9,173.2,12.5,152.47,-38.769999999999996,-53.260000000000005,-59.269999999999996,20.72999999999999,90.72,4518.0,2270.0,504.5,133.5,246.0,55.68835768038956,91.28,22.42
2026-07-04 18:30:00,130.09,1266.4,121.0,402.8,115.0,19.2,190.53,13.0,188.12,-58.03,-67.12,-73.12,2.4099999999999966,90.72,4522.0,2321.5,385.0,135.0,246.0,56.77797434763379,91.28,38.81
2026-07-04 19:00:00,148.59,1218.5,134.61,417.6,125.91,24.4,184.0,12.9,187.64,-39.04999999999998,-53.02999999999997,-61.72999999999999,-3.6399999999999864,119.83,4526.0,2303.0,285.5,134.0,246.0,56.319045514803356,91.28,57.31
2026-07-04 19:30:00,158.93,1219.3,138.37,448.9,128.37,42.4,184.0,12.8,189.07,-30.139999999999986,-50.69999999999999,-60.69999999999999,-5.069999999999993,119.83,4501.5,2314.0,205.0,133.5,246.0,56.86993224480729,91.28,67.65
2026-07-04 20:00:00,155.7,1123.2,137.2,415.7,131.2,30.2,188.5,12.3,190.57,-34.870000000000005,-53.370000000000005,-59.370000000000005,-2.069999999999993,129.0,4480.5,2309.0,121.0,128.5,246.0,57.02488561544471,91.28,64.41999999999999
2026-07-04 20:30:00,162.21,1153.4,137.14,407.5,139.94,35.3,189.94,12.5,189.56,-27.349999999999994,-52.420000000000016,-49.620000000000005,0.37999999999999545,129.0,4469.0,2387.0,79.5,128.5,252.0,59.05124188856568,91.28,70.93
2026-07-04 21:00:00,168.3,1154.5,139.37,453.0,138.0,49.4,184.0,12.1,156.39,11.910000000000025,-17.019999999999982,-18.389999999999986,27.610000000000014,132.95,4409.0,2319.0,51.5,130.0,367.5,60.93218416874575,91.28,77.02000000000001
2026-07-04 21:30:00,168.41,1273.6,138.72,513.0,132.7,37.4,168.41,20.2,122.08,46.33,16.64,10.61999999999999,46.33,132.95,4334.5,2175.5,17.0,136.0,492.5,61.552658899527046,91.28,77.13
2026-07-04 22:00:00,201.0,1296.8,156.24,552.6,161.24,54.5,181.0,12.9,177.11,23.889999999999986,-20.870000000000005,-15.870000000000005,3.8899999999999864,129.4,4293.0,1955.0,4.0,140.0,714.5,62.18262287444677,91.28,109.72
2026-07-04 22:30:00,192.05,1281.0,167.7,595.5,170.0,49.6,182.0,17.7,95.09,96.96000000000001,72.60999999999999,74.91,86.91,129.4,4236.0,1698.0,4.0,141.0,864.0,60.48158640226629,91.28,100.77000000000001
2026-07-04 23:00:00,154.12,1059.9,155.36,454.4,,,,,59.95,94.17,95.41000000000001,,,113.16,4127.5,1534.0,4.0,146.0,971.5,60.70260448213204,91.28,62.84
2026-07-04 23:30:00,145.7,1059.9,155.0,495.9,,,,,71.62,74.07999999999998,83.38,,,113.16,4023.0,1404.5,3.0,161.0,972.0,59.07283122048222,91.28,54.41999999999999
2026-07-05 00:00:00,139.99,1020.4,158.08,455.9,,,,,74.24,65.75000000000001,83.84000000000002,,,104.81,3970.5,1311.0,2.0,177.5,935.5,56.579775846870675,91.28,48.71000000000001
2026-07-05 00:30:00,133.04,1024.0,151.37,493.3,,,,,75.9,57.139999999999986,75.47,,,104.81,3877.5,1304.0,2.0,183.0,874.0,56.17021276595745,91.28,41.75999999999999
2026-07-05 01:00:00,130.49,973.1,148.82,493.5,,,,,73.19,57.30000000000001,75.63,,,95.67,3787.0,1295.5,2.0,181.0,874.0,57.2880908370742,91.28,39.21000000000001
2026-07-05 01:30:00,120.7,958.8,145.0,475.9,,,,,70.22,50.480000000000004,74.78,,,95.67,3730.5,1208.5,2.5,187.0,874.0,55.82361613724702,91.28,29.42
2026-07-05 02:00:00,140.84,1014.0,170.84,536.0,,,,,86.79,54.05,84.05,,,87.94,3757.0,1047.0,2.0,199.5,873.5,51.11791322863988,91.28,49.56
2026-07-05 02:30:00,134.12,1016.7,164.12,553.2,,,,,92.57,41.55000000000001,71.55000000000001,,,87.94,3769.5,1007.5,2.0,202.5,874.0,49.91378166865632,91.28,42.84
2026-07-05 03:00:00,140.38,986.8,161.7,534.0,,,,,101.03,39.349999999999994,60.66999999999999,,,84.89,3718.5,982.0,3.0,203.5,874.0,49.91259916633051,91.28,49.099999999999994
2026-07-05 03:30:00,133.07,1013.9,161.7,558.5,,,,,147.91,-14.840000000000003,13.789999999999992,,,84.89,3689.5,1003.5,2.0,200.5,874.0,50.887654153679364,91.28,41.78999999999999
2026-07-05 04:00:00,129.31,931.7,150.7,505.7,,,,,82.67,46.64,68.02999999999999,,,78.1,3654.5,963.0,2.0,203.5,874.0,50.266794363113966,91.28,38.03
2026-07-05 04:30:00,122.15,978.7,148.26,555.3,,,,,81.33,40.82000000000001,66.92999999999999,,,78.1,3613.0,927.0,2.5,205.0,874.0,49.84777193468032,91.28,30.870000000000005
2026-07-05 05:00:00,115.0,958.7,134.0,547.6,,,,,80.0,35.0,54.0,,,73.57,3574.5,918.5,2.5,205.0,874.0,50.14687368862778,91.28,23.72
2026-07-05 05:30:00,114.36,1001.4,144.49,581.4,,,,,80.33,34.03,64.16000000000001,,,73.57,3557.0,944.5,9.0,201.5,874.0,51.12454315434355,91.28,23.08
2026-07-05 06:00:00,115.0,1012.5,142.8,574.5,,,,,129.07,-14.069999999999993,13.730000000000018,,,71.17,3592.0,892.5,30.5,205.0,874.0,49.178730512249444,91.28,23.72
2026-07-05 06:30:00,120.63,1006.1,149.85,565.4,,,,,178.13,-57.5,-28.28,,,71.17,3631.0,858.0,65.0,206.0,874.0,47.700358028091436,91.28,29.349999999999994
2026-07-05 07:00:00,122.95,965.4,145.0,522.7,,,,,178.13,-55.17999999999999,-33.129999999999995,,,77.11,3707.0,844.0,110.0,199.5,874.0,46.34475316967899,91.28,31.67
2026-07-05 07:30:00,132.42,942.1,152.7,483.9,,,,,178.59,-46.170000000000016,-25.890000000000015,,,77.11,3790.5,846.5,178.5,189.5,886.0,45.70637119113574,91.28,41.139999999999986
2026-07-05 08:00:00,136.7,999.7,185.0,544.6,,,,,180.74,-44.04000000000002,4.259999999999991,,,91.91,3926.0,836.5,247.5,183.0,971.5,46.051961283749364,91.28,45.41999999999999
2026-07-05 08:30:00,145.0,1008.0,185.0,520.8,,,,,180.82,-35.81999999999999,4.180000000000007,,,91.91,4054.5,825.0,326.5,179.5,972.0,44.321124676285606,91.28,53.72
2026-07-05 09:00:00,144.0,1013.1,185.0,544.3,,,,,188.46,-44.46000000000001,-3.460000000000008,,,95.69,4156.0,818.0,427.0,177.0,972.0,43.07025986525505,91.28,52.72
2026-07-05 09:30:00,140.19,973.8,181.97,512.9,,,,,190.48,-50.28999999999999,-8.509999999999991,,,95.69,4258.0,913.0,523.0,166.0,972.0,44.26961014560827,91.28,48.91
2026-07-05 10:00:00,124.65,998.7,173.65,517.3,,,,,185.22,-60.56999999999999,-11.569999999999993,,,96.5,4320.5,995.0,609.5,156.0,972.0,45.52713806272422,91.28,33.370000000000005
2026-07-05 10:30:00,115.0,960.5,124.54,469.9,,,,,163.59,-48.59,-39.05,,,96.5,4324.0,1021.0,667.5,147.5,972.0,46.09158186864015,91.28,23.72
2026-07-05 11:00:00,98.07,859.8,153.4,308.2,150.3,48.2,,,156.5,-58.43000000000001,-3.0999999999999943,-6.199999999999989,,88.98,4292.5,1065.5,741.5,138.5,972.0,47.46651135701806,91.28,6.789999999999992
2026-07-05 11:30:00,97.7,937.5,101.0,334.7,125.0,45.5,,,96.44,1.2600000000000051,4.560000000000002,28.560000000000002,,88.98,4240.5,1022.0,865.5,134.5,972.0,47.02275675038321,91.28,6.420000000000002
2026-07-05 12:00:00,97.7,940.6,112.7,281.4,135.0,36.2,,,188.52,-90.82000000000001,-75.82000000000001,-53.52000000000001,,88.43,4189.0,1003.0,826.5,140.0,972.0,47.1472905227978,91.28,6.420000000000002
2026-07-05 12:30:00,97.7,1030.5,100.6,347.7,111.6,42.7,,,188.9,-91.2,-88.30000000000001,-77.30000000000001,,88.43,4161.5,992.5,807.5,141.0,972.0,47.20653610476992,91.28,6.420000000000002
2026-07-05 13:00:00,93.32,1031.5,98.5,371.1,100.78,46.8,,,78.97,14.349999999999994,19.53,21.810000000000002,,78.77,4123.5,982.5,819.0,142.5,972.0,47.39905420152783,91.28,2.039999999999992
2026-07-05 13:30:00,90.2,1114.3,98.5,407.8,100.0,39.4,,,66.67,23.53,31.83,33.33,,78.77,4086.5,985.5,809.5,146.5,972.0,47.9016273094335,91.28,-1.0799999999999983
2026-07-05 14:00:00,87.49,1105.7,98.5,361.7,104.99,39.7,,,166.67,-79.17999999999999,-68.16999999999999,-61.67999999999999,,71.3,4038.5,1039.0,792.0,144.5,972.0,49.79571623127399,91.28,-3.7900000000000063
2026-07-05 14:30:00,84.7,1151.1,98.5,399.7,101.0,32.7,,,193.8,-109.10000000000001,-95.30000000000001,-92.80000000000001,,71.3,4003.5,1054.0,821.5,140.0,972.0,50.60571999500437,91.28,-6.579999999999998
2026-07-05 15:00:00,82.21,1087.5,96.9,380.8,99.0,43.0,,,181.31,-99.10000000000001,-84.41,-82.31,,75.81,4034.0,1024.0,835.0,134.0,972.0,49.47942488844819,91.28,-9.070000000000007
2026-07-05 15:30:00,85.0,1066.5,85.0,334.2,99.0,34.0,,,196.37,-111.37,-111.37,-97.37,,75.81,4029.0,1011.5,809.0,137.0,972.0,49.230578307272275,91.28,-6.280000000000001
2026-07-05 16:00:00,93.7,1011.4,85.67,268.0,99.0,57.3,,,197.05,-103.35000000000001,-111.38000000000001,-98.05000000000001,,92.53,4072.5,1037.0,783.0,138.0,941.5,48.58195211786372,91.28,2.4200000000000017
2026-07-05 16:30:00,97.7,953.4,98.5,221.6,99.0,47.6,,,148.0,-50.3,-49.5,-49.0,,92.53,4186.0,1236.5,758.0,140.0,785.0,48.29192546583851,91.28,6.420000000000002
2026-07-05 17:00:00,121.51,1027.2,101.6,313.8,105.44,52.8,176.1,11.5,134.62,-13.11,-33.02000000000001,-29.180000000000007,41.47999999999999,122.01,4351.0,1460.0,724.5,147.5,511.0,45.29993105033326,91.28,30.230000000000004
2026-07-05 17:30:00,125.57,926.1,121.29,233.2,137.28,33.5,193.0,11.5,181.39,-55.81999999999999,-60.09999999999998,-44.109999999999985,11.610000000000014,122.01,4472.0,1563.0,634.5,156.5,400.0,43.895348837209305,91.28,34.28999999999999
2026-07-05 18:00:00,134.02,1053.1,140.75,328.2,129.85,34.5,209.85,12.8,180.38,-46.359999999999985,-39.629999999999995,-50.53,29.47,128.3,4556.5,1590.5,531.0,163.5,352.5,42.64237901898387,91.28,42.74000000000001
2026-07-05 18:30:00,136.01,932.3,139.89,291.0,129.84,39.4,193.8,10.8,182.67,-46.66,-42.78,-52.829999999999984,11.130000000000024,128.3,4579.0,1547.0,438.5,164.0,471.0,44.070757807381526,91.28,44.72999999999999
2026-07-05 19:00:00,144.01,1085.8,147.44,370.7,140.56,31.5,220.56,12.5,189.18,-45.170000000000016,-41.74000000000001,-48.620000000000005,31.379999999999995,136.74,4604.5,1504.5,350.0,167.0,485.0,43.20773156694538,91.28,52.72999999999999
2026-07-05 19:30:00,147.0,1067.2,157.19,395.5,145.16,25.9,191.63,14.0,183.84,-36.84,-26.650000000000006,-38.68000000000001,7.789999999999992,136.74,4625.5,1476.0,249.5,166.5,629.5,45.51940330775051,91.28,55.72
2026-07-05 20:00:00,148.01,1044.5,149.32,375.5,148.01,21.4,199.0,12.8,183.74,-35.73000000000002,-34.420000000000016,-35.73000000000002,15.259999999999991,140.36,4607.0,1466.0,170.5,171.0,598.0,44.80138919036249,91.28,56.72999999999999
2026-07-05 20:30:00,149.7,1052.4,149.8,379.9,151.69,21.4,198.0,13.4,187.92,-38.22,-38.119999999999976,-36.22999999999999,10.080000000000013,140.36,4602.0,1443.0,103.0,177.0,546.0,43.22033898305085,91.28,58.41999999999999
2026-07-05 21:00:00,152.82,1090.1,148.09,403.9,145.41,31.5,192.72,15.1,169.11,-16.29000000000002,-21.02000000000001,-23.700000000000017,23.609999999999985,142.23,4514.0,1348.5,52.5,177.5,620.5,43.61984935755427,91.28,61.53999999999999
2026-07-05 21:30:00,151.01,1054.7,147.7,418.4,146.01,32.0,184.6,12.7,160.29,-9.280000000000001,-12.590000000000003,-14.280000000000001,24.310000000000002,142.23,4430.5,1435.0,13.0,179.0,595.5,45.83004175600948,91.28,59.72999999999999
2026-07-05 22:00:00,169.16,1212.3,154.81,567.7,133.43,13.3,172.5,12.9,93.61,75.55,61.2,39.82000000000001,78.89,127.07,4403.0,1392.5,1.5,184.5,673.5,46.92255280490575,91.28,77.88
2026-07-05 22:30:00,162.08,1255.1,149.56,601.3,128.37,29.1,135.0,10.7,99.64,62.44000000000001,49.92,28.730000000000004,35.36,127.07,4346.5,1346.0,2.5,178.0,818.0,49.7871850914529,91.28,70.80000000000001
2026-07-05 23:00:00,133.34,932.9,140.94,426.9,,,,,98.03,35.31,42.91,,,117.76,4231.0,1278.0,3.0,184.0,853.5,50.37816119120775,91.28,42.06
2026-07-05 23:30:00,125.8,898.2,132.98,406.9,,,,,78.41,47.39,54.56999999999999,,,117.76,4131.5,1386.5,3.0,197.5,557.0,47.04102626164831,91.28,34.519999999999996
2026-07-06 00:00:00,121.91,794.7,131.41,410.1,,,,,98.11,23.799999999999997,33.3,,,111.12,4012.5,1468.5,3.0,210.0,280.0,43.57632398753894,91.28,30.629999999999995
2026-07-06 00:30:00,120.04,822.0,131.85,404.5,,,,,90.73,29.310000000000002,41.11999999999999,,,111.12,3879.0,1532.0,3.0,226.5,120.5,42.60118587264759,91.28,28.760000000000005
2026-07-06 01:00:00,113.1,769.6,113.1,385.5,,,,,68.34,44.75999999999999,44.75999999999999,,,105.11,3824.5,1590.5,3.0,212.5,201.5,46.85579814354818,91.28,21.819999999999993
2026-07-06 01:30:00,114.0,831.5,113.19,384.4,,,,,74.9,39.099999999999994,38.28999999999999,,,105.11,3757.0,1622.0,3.0,200.0,306.0,51.317540590896996,91.28,22.72
2026-07-06 02:00:00,115.0,858.1,115.39,389.6,,,,,77.65,37.349999999999994,37.739999999999995,,,99.12,3796.5,1547.0,3.0,200.5,387.5,50.95482681417095,91.28,23.72
2026-07-06 02:30:00,114.64,853.3,112.98,390.9,,,,,76.27,38.370000000000005,36.71000000000001,,,99.12,3812.5,1579.5,3.0,197.0,428.5,52.66885245901639,91.28,23.36
2026-07-06 03:00:00,114.17,853.2,105.02,398.4,,,,,79.33,34.84,25.689999999999998,,,97.89,3754.0,1580.5,3.0,194.0,480.0,54.888119339371336,91.28,22.89
2026-07-06 03:30:00,114.17,851.4,106.23,391.5,,,,,72.88,41.290000000000006,33.35000000000001,,,97.89,3699.5,1533.5,3.0,198.5,454.5,53.736991485335864,91.28,22.89
2026-07-06 04:00:00,114.17,839.6,117.81,386.1,,,,,76.14,38.03,41.67,,,100.32,3662.0,1604.5,3.0,202.0,319.0,52.52594210813763,91.28,22.89
2026-07-06 04:30:00,113.03,816.2,117.81,386.1,,,,,74.45,38.58,43.36,,,100.32,3629.5,1568.5,3.0,208.5,266.5,50.557928089268486,91.28,21.75
2026-07-06 05:00:00,116.0,866.1,133.01,404.4,,,,,65.66,50.34,67.35,,,109.7,3616.5,1503.5,3.0,208.5,291.0,49.61979814738006,91.28,24.72
2026-07-06 05:30:00,117.0,809.4,130.07,386.6,,,,,61.53,55.47,68.53999999999999,,,109.7,3645.0,1404.0,25.0,205.0,396.0,49.382716049382715,91.28,25.72
2026-07-06 06:00:00,131.2,973.5,131.75,427.3,,,,,70.77,60.42999999999999,60.980000000000004,,,123.24,3811.5,1377.0,70.5,194.5,562.5,50.88547815820543,91.28,39.91999999999999
2026-07-06 06:30:00,140.36,963.3,137.83,428.5,,,,,67.27,73.09000000000002,70.56000000000002,,,123.24,3992.5,1343.5,130.5,186.0,712.5,51.49655604257983,91.28,49.08000000000001
2026-07-06 07:00:00,150.01,1050.1,139.44,434.7,,,,,75.65,74.35999999999999,63.78999999999999,,,118.79,4265.0,1380.0,192.0,177.0,725.0,49.35521688159437,91.28,58.72999999999999
2026-07-06 07:30:00,163.28,1096.4,142.43,455.7,,,,,81.63,81.65,60.80000000000001,,,118.79,4473.0,1383.5,291.0,160.0,821.5,49.29577464788733,91.28,72.0
2026-07-06 08:00:00,165.0,1232.9,180.4,523.0,,,,,84.15,80.85,96.25,,,104.08,4681.0,1397.5,426.5,152.5,854.5,48.10937833796197,91.28,73.72
2026-07-06 08:30:00,161.81,1181.3,165.0,476.6,,,,,75.32,86.49000000000001,89.68,,,104.08,4782.5,1335.0,550.5,147.0,876.5,46.241505488761106,91.28,70.53
2026-07-06 09:00:00,155.01,1213.2,176.92,507.2,,,,,54.15,100.85999999999999,122.76999999999998,,,83.34,4852.5,1301.5,610.5,143.0,971.5,46.84183410613086,91.28,63.72999999999999
2026-07-06 09:30:00,154.8,1247.3,181.0,549.0,,,,,44.03,110.77000000000001,136.97,,,83.34,4775.5,1291.5,750.5,139.5,972.0,47.398178201235474,91.28,63.52000000000001
2026-07-06 10:00:00,146.96,1230.6,165.0,538.6,,,,,50.39,96.57000000000001,114.61,,,68.25,4717.5,1239.0,859.0,136.5,972.0,46.86804451510334,91.28,55.68000000000001
2026-07-06 10:30:00,134.03,1203.0,152.61,533.5,,,,,38.14,95.89,114.47000000000001,,,68.25,4686.5,1204.5,979.0,130.5,972.0,46.44190760695615,91.28,42.75
2026-07-06 11:00:00,152.99,1329.7,153.0,537.4,103.0,74.4,,,40.16,112.83000000000001,112.84,62.84,,54.47,4646.0,1190.0,943.5,131.0,971.5,46.52389151958674,91.28,61.71000000000001
2026-07-06 11:30:00,134.03,1314.3,134.03,538.0,102.5,79.0,,,39.32,94.71000000000001,94.71000000000001,63.18,,54.47,4627.5,1178.5,955.5,130.5,972.0,46.47217720151269,91.28,42.75
2026-07-06 12:00:00,138.95,1314.1,132.0,524.1,95.0,67.8,,,47.05,91.89999999999999,84.95,47.95,,47.94,4579.0,1197.5,991.5,127.0,972.0,47.37934046735095,91.28,47.66999999999999
2026-07-06 12:30:00,125.03,1312.8,125.0,525.4,90.1,69.3,,,55.77,69.25999999999999,69.22999999999999,34.32999999999999,,47.94,4590.0,1227.5,1054.0,130.0,972.0,47.91938997821351,91.28,33.75
2026-07-06 13:00:00,116.66,1289.8,120.72,503.9,92.5,70.0,,,36.8,79.86,83.92,55.7,,43.31,4568.0,1252.0,1071.0,131.5,972.0,48.68651488616462,91.28,25.379999999999995
2026-07-06 13:30:00,114.0,1294.9,120.01,484.3,94.0,78.9,,,45.09,68.91,74.92,48.91,,43.31,4505.5,1272.0,1063.0,132.0,971.5,49.794695372322714,91.28,22.72
2026-07-06 14:00:00,112.0,1300.9,117.0,495.2,94.0,68.6,,,54.21,57.79,62.79,39.79,,43.86,4517.0,1244.0,1006.5,137.5,971.5,49.04804073500111,91.28,20.72
2026-07-06 14:30:00,111.6,1299.8,111.6,472.4,94.0,68.7,,,37.33,74.27,74.27,56.67,,43.86,4495.5,1312.0,1025.0,135.0,971.0,50.784117450784116,91.28,20.319999999999993
2026-07-06 15:00:00,110.0,1278.2,110.0,470.1,113.98,78.8,,,58.1,51.9,51.9,55.88,,53.08,4541.5,1340.0,997.5,140.0,971.0,50.88627105581857,91.28,18.72
2026-07-06 15:30:00,111.0,1264.4,101.0,458.5,103.36,66.9,,,176.61,-65.61000000000001,-75.61000000000001,-73.25000000000001,,53.08,4595.5,1299.0,879.5,148.0,971.0,49.39614840604939,91.28,19.72
2026-07-06 16:00:00,112.0,1226.3,112.0,472.4,112.0,51.2,,,154.62,-42.620000000000005,-42.620000000000005,-42.620000000000005,,65.22,4718.0,1394.0,895.5,137.0,971.0,50.12717253073337,91.28,20.72
2026-07-06 16:30:00,118.28,1151.8,120.72,428.2,125.0,55.8,,,121.0,-2.719999999999999,-0.28000000000000114,4.0,,65.22,4864.0,1410.5,886.0,135.0,971.0,48.96175986842105,91.28,27.0
2026-07-06 17:00:00,123.9,1114.9,106.2,469.6,85.0,48.7,95.5,22.7,141.54,-17.639999999999986,-35.33999999999999,-56.53999999999999,-46.03999999999999,100.09,5016.0,1420.0,763.5,147.5,916.5,46.58094098883573,91.28,32.620000000000005
2026-07-06 17:30:00,138.42,1126.8,113.21,447.8,104.6,55.9,114.5,24.2,254.01,-115.59,-140.8,-149.41,-139.51,100.09,5145.0,1447.5,650.0,152.0,955.0,46.695821185617106,91.28,47.139999999999986
2026-07-06 18:00:00,155.12,1055.8,126.7,499.0,115.49,35.2,117.26,23.5,182.32,-27.19999999999999,-55.61999999999999,-66.83,-65.05999999999999,122.54,5159.0,1481.0,632.5,147.0,971.0,47.5285908121729,91.28,63.84
2026-07-06 18:30:00,158.21,1060.6,131.7,490.2,138.9,44.7,136.0,13.6,449.94,-291.73,-318.24,-311.03999999999996,-313.94,122.54,5124.0,1463.5,483.0,145.0,971.0,47.511709601873534,91.28,66.93
2026-07-06 19:00:00,175.0,1060.6,144.91,519.6,139.34,67.1,144.63,20.1,204.15,-29.150000000000006,-59.24000000000001,-64.81,-59.52000000000001,142.86,5087.5,1385.0,403.5,147.0,971.0,46.30958230958231,91.28,83.72
2026-07-06 19:30:00,179.28,1031.8,149.28,520.7,172.1,69.3,193.1,18.6,230.22,-50.94,-80.94,-58.120000000000005,-37.120000000000005,142.86,5060.5,1334.0,293.0,148.5,971.0,45.54885880841814,91.28,88.0
2026-07-06 20:00:00,183.0,1040.8,156.09,570.7,185.0,47.0,206.0,19.0,187.03,-4.030000000000001,-30.939999999999998,-2.030000000000001,18.97,146.9,5018.0,1359.0,199.0,149.5,971.0,46.432841769629334,91.28,91.72
2026-07-06 20:30:00,186.93,1071.5,163.59,542.7,185.0,50.6,204.03,18.7,187.34,-0.4099999999999966,-23.75,-2.3400000000000034,16.689999999999998,146.9,4949.5,1355.0,116.0,151.0,971.0,46.99464592383069,91.28,95.65
2026-07-06 21:00:00,194.29,1070.5,171.49,532.2,185.0,36.4,204.92,16.3,181.57,12.719999999999999,-10.079999999999984,3.430000000000007,23.349999999999994,142.89,4909.5,1289.0,71.0,161.0,971.0,46.033200936958956,91.28,103.00999999999999
2026-07-06 21:30:00,195.0,1123.9,181.0,563.3,201.0,53.8,203.0,14.8,114.16,80.84,66.84,86.84,88.84,142.89,4795.0,1271.0,32.0,168.0,971.0,46.7570385818561,91.28,103.72
2026-07-06 22:00:00,195.0,1178.7,163.65,577.5,188.7,54.3,209.7,11.7,105.26,89.74,58.39,83.43999999999998,104.43999999999998,133.6,4698.0,1258.5,17.5,172.0,971.5,47.467007237122175,91.28,103.72
2026-07-06 22:30:00,195.0,1251.8,137.66,660.0,178.49,41.7,210.6,8.3,95.47,99.53,42.19,83.02000000000001,115.13,133.6,4643.5,1330.0,17.0,172.0,972.0,49.5746742758695,91.28,103.72
2026-07-06 23:00:00,151.21,1225.4,196.0,366.2,,,,,152.82,-1.6099999999999852,43.18000000000001,,,119.85,4489.0,1383.0,18.0,181.5,935.5,51.64847404767209,91.28,59.93000000000001
2026-07-06 23:30:00,133.88,1248.9,170.12,395.7,,,,,103.64,30.239999999999995,66.48,,,119.85,4331.5,1456.5,17.5,194.0,788.5,51.8296202239409,91.28,42.599999999999994
2026-07-07 00:00:00,126.2,1176.5,139.03,355.0,,,,,83.33,42.870000000000005,55.7,,,115.17,4202.5,1462.0,18.0,203.0,652.0,50.303390838786434,91.28,34.92
2026-07-07 00:30:00,125.0,1213.4,132.13,399.3,,,,,84.64,40.36,47.489999999999995,,,115.17,4106.0,1504.5,18.0,201.0,621.0,51.76570871894788,91.28,33.72
2026-07-07 01:00:00,125.0,1214.0,145.0,385.9,,,,,93.62,31.379999999999995,51.379999999999995,,,107.54,4018.0,1475.0,18.0,206.0,625.5,52.27725236436038,91.28,33.72
2026-07-07 01:30:00,128.3,1265.3,151.04,424.1,,,,,149.65,-21.349999999999994,1.3899999999999864,,,107.54,3935.5,1394.0,18.0,211.0,626.0,51.3276584932029,91.28,37.02000000000001
2026-07-07 02:00:00,133.08,1241.7,153.1,435.5,,,,,125.27,7.8100000000000165,27.83,,,101.52,3965.0,1352.0,18.0,213.5,626.0,49.886506935687265,91.28,41.80000000000001
2026-07-07 02:30:00,127.0,1276.3,167.0,440.1,,,,,138.51,-11.509999999999991,28.49000000000001,,,101.52,3961.5,1356.0,18.0,208.0,626.0,50.0315537044049,91.28,35.72
2026-07-07 03:00:00,127.0,1237.1,147.0,441.1,,,,,120.66,6.340000000000003,26.340000000000003,,,98.79,3947.0,1382.0,18.0,206.5,626.0,50.874081580947546,91.28,35.72
2026-07-07 03:30:00,126.06,1219.6,147.21,434.0,,,,,123.07,2.990000000000009,24.140000000000015,,,98.79,3885.5,1381.5,18.0,204.5,626.0,51.66645219405483,91.28,34.78
2026-07-07 04:00:00,126.99,1217.0,141.01,419.7,,,,,215.43,-88.44000000000001,-74.42000000000002,,,101.85,3853.0,1369.0,17.5,205.5,626.0,51.777835452893854,91.28,35.709999999999994
2026-07-07 04:30:00,126.28,1174.3,131.6,364.2,,,,,146.64,-20.359999999999985,-15.039999999999992,,,101.85,3819.0,1314.0,18.0,209.0,626.0,50.7986383870123,91.28,35.0
2026-07-07 05:00:00,124.0,1181.5,124.0,418.3,,,,,87.29,36.709999999999994,36.709999999999994,,,111.0,3807.5,1257.5,17.5,208.0,664.5,50.47931713722915,91.28,32.72
2026-07-07 05:30:00,123.37,1115.6,119.29,342.8,,,,,84.92,38.45,34.370000000000005,,,111.0,3828.0,1194.0,27.0,201.0,796.0,51.98537095088819,91.28,32.09
2026-07-07 06:00:00,136.05,1237.4,149.65,480.5,,,,,86.97,49.08000000000001,62.68000000000001,,,120.68,3995.0,1108.5,52.0,201.5,854.5,49.13642052565707,91.28,44.77000000000001
2026-07-07 06:30:00,159.83,1212.0,210.0,431.4,,,,,109.05,50.780000000000015,100.95,,,120.68,4181.5,1105.0,88.0,206.0,855.0,46.8731316513213,91.28,68.55000000000001
2026-07-07 07:00:00,174.1,1405.7,215.91,534.1,,,,,224.38,-50.28,-8.469999999999999,,,127.07,4445.0,1163.5,159.5,201.5,877.0,45.90551181102362,91.28,82.82
2026-07-07 07:30:00,180.3,1331.6,215.0,441.7,,,,,179.39,0.910000000000025,35.610000000000014,,,127.07,4684.5,1121.5,254.5,185.5,971.5,44.679261393958804,91.28,89.02000000000001
2026-07-07 08:00:00,201.0,1376.9,221.0,532.9,,,,,145.9,55.099999999999994,75.1,,,117.69,4871.5,1130.0,377.5,178.0,972.0,43.148927435081596,91.28,109.72
2026-07-07 08:30:00,201.0,1381.1,201.0,494.7,,,,,91.9,109.1,109.1,,,117.69,4981.0,1071.5,541.0,166.0,972.0,41.0258984139731,91.28,109.72
2026-07-07 09:00:00,189.12,1450.7,173.56,526.9,,,,,99.55,89.57000000000001,74.01,,,105.67,4974.0,962.5,687.5,161.0,972.0,38.89223964616003,91.28,97.84
2026-07-07 09:30:00,176.07,1495.3,176.07,525.6,,,,,210.37,-34.30000000000001,-34.30000000000001,,,105.67,4950.5,886.0,786.0,162.0,972.0,37.53156246843753,91.28,84.78999999999999
2026-07-07 10:00:00,148.92,1365.0,150.18,443.3,,,,,92.1,56.81999999999999,58.08000000000001,,,95.59,4840.0,854.5,904.0,164.0,972.0,37.73760330578512,91.28,57.639999999999986
2026-07-07 10:30:00,137.39,1347.3,127.8,447.5,,,,,68.77,68.61999999999999,59.03,,,95.59,4773.0,840.0,981.0,160.0,972.0,37.963544940289125,91.28,46.109999999999985
2026-07-07 11:00:00,131.91,1355.5,111.9,451.3,108.37,39.6,,,72.35,59.56,39.55000000000001,36.02000000000001,,93.46,4713.0,826.0,1018.5,158.5,951.5,37.71483131763208,91.28,40.629999999999995
2026-07-07 11:30:00,114.64,1278.5,109.7,391.1,108.26,40.4,,,49.81,64.83,59.89,58.45,,93.46,4597.5,804.5,1096.5,164.5,781.5,34.497009244154434,91.28,23.36
2026-07-07 12:00:00,116.0,1367.3,108.84,412.0,102.3,40.0,,,94.23,21.769999999999996,14.61,8.069999999999993,,95.58,4558.0,759.5,1124.0,170.5,818.5,34.62044756472137,91.28,24.72
2026-07-07 12:30:00,125.58,1435.2,110.5,391.9,108.37,39.5,,,101.16,24.42,9.340000000000003,7.210000000000008,,95.58,4562.0,804.5,1138.0,173.5,876.5,36.8478737395879,91.28,34.3
2026-07-07 13:00:00,121.66,1425.1,103.66,373.0,111.94,53.1,,,142.38,-20.72,-38.72,-30.439999999999998,,96.04,4527.0,823.5,1082.5,186.5,794.5,35.7411089021427,91.28,30.379999999999995
2026-07-07 13:30:00,118.7,1393.0,99.28,341.9,110.19,49.0,,,119.13,-0.4299999999999926,-19.849999999999994,-8.939999999999998,,96.04,4450.0,790.0,1142.0,187.5,712.5,33.764044943820224,91.28,27.42
2026-07-07 14:00:00,125.99,1434.9,104.3,395.6,115.91,51.3,,,27.79,98.19999999999999,76.50999999999999,88.12,,107.53,4435.5,747.5,1101.0,187.5,732.0,33.35587870589561,91.28,34.709999999999994
2026-07-07 14:30:00,124.3,1401.3,100.2,365.3,114.34,52.0,,,72.36,51.94,27.840000000000003,41.980000000000004,,107.53,4369.0,746.0,1029.0,196.5,594.5,30.68207827878233,91.28,33.019999999999996
2026-07-07 15:00:00,121.64,1321.2,103.64,326.1,116.06,46.1,,,85.58,36.06,18.060000000000002,30.480000000000004,,113.87,4434.0,706.5,1132.0,201.0,463.5,26.38700947225981,91.28,30.36
2026-07-07 15:30:00,124.9,1309.9,114.54,335.3,125.0,49.4,,,108.43,16.47,6.109999999999999,16.569999999999993,,113.87,4479.5,686.0,1114.0,196.0,566.5,27.960709900658554,91.28,33.620000000000005
2026-07-07 16:00:00,124.01,1279.6,120.25,293.2,133.27,57.1,,,127.23,-3.219999999999999,-6.980000000000004,6.040000000000006,,117.53,4570.0,659.5,1072.5,192.5,576.0,27.035010940919037,91.28,32.730000000000004
2026-07-07 16:30:00,127.64,1165.7,118.06,215.9,120.36,45.0,,,63.13,64.50999999999999,54.93,57.23,,117.53,4705.0,658.0,1036.5,193.0,668.5,28.193411264612116,91.28,36.36
2026-07-07 17:00:00,126.2,1211.6,117.36,371.4,120.23,56.2,170.0,7.4,36.12,90.08000000000001,81.24000000000001,84.11000000000001,133.88,118.98,4848.0,692.5,961.5,196.0,663.5,27.970297029702973,91.28,34.92
2026-07-07 17:30:00,135.5,1220.9,120.13,422.2,130.13,54.5,170.0,7.6,92.8,42.7,27.33,37.33,77.2,118.98,4985.0,662.5,867.0,204.5,786.0,29.05717151454363,91.28,44.22
2026-07-07 18:00:00,166.96,1369.7,138.57,569.4,137.91,41.6,161.0,3.4,149.13,17.830000000000013,-10.560000000000002,-11.219999999999999,11.870000000000005,138.51,5044.5,608.0,743.0,205.5,936.5,30.617504212508674,91.28,75.68
2026-07-07 18:30:00,181.5,1335.8,160.47,494.7,170.47,30.7,181.5,6.7,251.74,-70.24000000000001,-91.27000000000001,-81.27000000000001,-70.24000000000001,138.51,5053.0,585.0,594.0,208.5,972.0,30.813378191173562,91.28,90.22
2026-07-07 19:00:00,191.5,1300.3,195.0,520.1,230.0,42.9,271.6,7.9,263.0,-71.5,-68.0,-33.0,8.600000000000023,145.83,5068.5,554.5,442.5,222.5,972.0,30.11739173325442,91.28,100.22
2026-07-07 19:30:00,195.09,1224.3,227.9,498.6,260.0,44.1,274.0,7.9,412.62,-217.53,-184.72,-152.62,-138.62,145.83,5124.5,511.5,286.5,227.5,972.0,28.94916577227046,91.28,103.81
2026-07-07 20:00:00,208.14,1212.8,225.0,529.9,260.0,56.1,300.1,8.9,487.41,-279.27000000000004,-262.41,-227.41000000000003,-187.31,151.87,5101.0,452.0,167.5,227.0,972.0,27.91609488335621,91.28,116.85999999999999
2026-07-07 20:30:00,207.72,1189.7,200.0,533.5,235.0,42.7,235.0,6.2,407.44,-199.72,-207.44,-172.44,-172.44,151.87,5086.5,434.0,88.5,225.0,972.0,27.64179691339821,91.28,116.44
2026-07-07 21:00:00,207.72,1153.1,210.3,496.4,233.67,26.2,252.0,4.7,488.25,-280.53,-277.95,-254.58,-236.25,152.52,5046.0,424.5,45.5,229.0,972.0,27.675386444708682,91.28,116.44
2026-07-07 21:30:00,206.58,1184.4,213.8,526.7,248.8,28.6,259.8,5.0,424.12,-217.54,-210.32,-175.32,-164.32,152.52,4945.0,395.5,16.5,231.5,971.0,27.63397371081901,91.28,115.30000000000001
2026-07-07 22:00:00,233.0,1309.0,229.39,548.7,257.03,42.4,268.03,12.1,451.73,-218.73000000000002,-222.34000000000003,-194.70000000000005,-183.70000000000005,143.82,4880.5,383.5,2.5,236.5,971.0,27.75330396475771,91.28,141.72
2026-07-07 22:30:00,231.39,1369.3,234.0,580.2,258.72,61.8,269.72,12.0,493.77,-262.38,-259.77,-235.04999999999995,-224.04999999999995,143.82,4827.5,335.0,2.0,241.5,971.0,27.05334023821854,91.28,140.10999999999999
2026-07-07 23:00:00,239.27,1245.0,225.69,649.2,,,,,456.11,-216.84,-230.42000000000002,,,129.42,4700.5,286.0,3.0,251.5,971.0,26.74183597489629,91.28,147.99
2026-07-07 23:30:00,219.84,1179.8,229.8,645.6,,,,,264.0,-44.16,-34.19999999999999,,,129.42,4531.5,246.0,3.0,266.5,971.5,26.867483173342162,91.28,128.56
2026-07-08 00:00:00,205.81,1103.5,201.0,570.9,,,,,228.6,-22.789999999999992,-27.599999999999994,,,122.85,4415.0,222.5,3.0,275.0,971.0,27.032842582106454,91.28,114.53
2026-07-08 00:30:00,192.13,1143.6,196.95,626.6,,,,,358.34,-166.20999999999998,-161.39,,,122.85,4277.5,174.0,3.0,287.5,971.0,26.767971946230272,91.28,100.85
2026-07-08 01:00:00,187.52,1067.3,201.0,580.8,,,,,342.15,-154.62999999999997,-141.14999999999998,,,117.56,4168.5,163.5,3.0,297.0,971.0,27.216024949022433,91.28,96.24000000000001
2026-07-08 01:30:00,187.81,975.0,200.04,539.7,,,,,341.54,-153.73000000000002,-141.50000000000003,,,117.56,4109.0,158.0,3.0,295.5,971.0,27.47627159892918,91.28,96.53
2026-07-08 02:00:00,195.92,1015.1,211.75,546.2,,,,,343.4,-147.48,-131.64999999999998,,,112.36,4138.5,117.0,3.0,299.0,971.0,26.28971849703999,91.28,104.63999999999999
2026-07-08 02:30:00,189.4,1015.5,209.11,562.2,,,,,340.37,-150.97,-131.26,,,112.36,4147.5,107.0,3.0,300.0,971.0,25.991561181434598,91.28,98.12
2026-07-08 03:00:00,183.06,998.7,201.0,575.6,,,,,339.35,-156.29000000000002,-138.35000000000002,,,110.89,4075.5,102.0,3.0,302.0,971.0,26.328057907005274,91.28,91.78
2026-07-08 03:30:00,172.39,980.5,195.41,546.9,,,,,338.49,-166.10000000000002,-143.08,,,110.89,4024.0,89.0,3.0,305.0,971.0,26.341948310139163,91.28,81.10999999999999
2026-07-08 04:00:00,169.0,949.0,178.64,529.1,,,,,332.66,-163.66000000000003,-154.02000000000004,,,108.36,3981.0,87.5,3.0,307.0,971.0,26.588796784727453,91.28,77.72
2026-07-08 04:30:00,172.86,1001.6,182.9,540.1,,,,,296.61,-123.75,-113.71000000000001,,,108.36,3941.0,92.5,3.0,301.5,971.0,26.98553666582086,91.28,81.58000000000001
2026-07-08 05:00:00,156.89,983.0,169.11,562.5,,,,,259.5,-102.61000000000001,-90.38999999999999,,,113.8,3917.0,73.5,4.5,299.0,971.0,26.66581567526168,91.28,65.60999999999999
2026-07-08 05:30:00,156.73,956.7,165.0,499.9,,,,,232.05,-75.32000000000002,-67.05000000000001,,,113.8,3942.0,76.0,21.5,294.5,971.0,26.56012176560122,91.28,65.44999999999999
2026-07-08 06:00:00,169.79,1176.4,200.0,499.4,,,,,299.31,-129.52,-99.31,,,134.31,4104.5,82.0,55.5,290.5,971.5,25.666950907540503,91.28,78.50999999999999
2026-07-08 06:30:00,201.0,1218.3,211.35,516.3,,,,,427.28,-226.27999999999997,-215.92999999999998,,,134.31,4288.0,76.5,104.0,278.5,971.5,24.44029850746269,91.28,109.72
2026-07-08 07:00:00,214.44,1324.3,242.0,519.9,,,,,361.85,-147.41000000000003,-119.85000000000002,,,133.88,4531.5,56.5,187.5,264.0,971.0,22.67461105594174,91.28,123.16
2026-07-08 07:30:00,230.7,1319.3,235.0,500.7,,,,,337.51,-106.81,-102.50999999999999,,,133.88,4753.0,38.5,317.5,252.5,971.5,21.249737008205344,91.28,139.42
2026-07-08 08:00:00,225.0,1313.7,204.02,508.7,,,,,236.75,-11.75,-32.72999999999999,,,126.49,4947.0,18.0,478.0,243.5,971.5,20.002021427127552,91.28,133.72
2026-07-08 08:30:00,222.75,1303.4,215.0,496.2,,,,,138.02,84.72999999999999,76.97999999999999,,,126.49,5050.0,5.0,618.0,244.5,971.0,19.326732673267326,91.28,131.47
2026-07-08 09:00:00,206.2,1300.3,196.0,484.5,,,,,162.16,44.03999999999999,33.84,,,115.05,5084.0,0.0,751.0,241.5,971.0,19.099134539732493,91.28,114.91999999999999
2026-07-08 09:30:00,198.45,1322.5,175.33,519.0,,,,,66.31,132.14,109.02000000000001,,,115.05,5061.0,3.5,875.5,237.0,971.0,19.2550879272871,91.28,107.16999999999999
2026-07-08 10:00:00,171.87,1247.6,165.0,462.3,,,,,57.65,114.22,107.35,,,108.1,4925.0,12.5,984.5,232.5,971.0,19.96954314720812,91.28,80.59
2026-07-08 10:30:00,155.0,1238.2,128.34,468.6,,,,,53.05,101.95,75.29,,,108.1,4857.5,26.5,1033.5,229.5,971.0,20.53525476067936,91.28,63.72
2026-07-08 11:00:00,160.0,1247.1,180.0,435.4,244.42,60.1,,,143.41,16.590000000000003,36.59,101.00999999999999,,105.29,4793.5,65.5,1081.0,219.5,971.0,21.623031188067174,91.28,68.72
2026-07-08 11:30:00,142.29,1171.7,152.0,396.2,205.01,59.9,,,84.54,57.749999999999986,67.46,120.46999999999998,,105.29,4731.5,121.0,1140.5,213.0,971.0,23.079361724611648,91.28,51.00999999999999
2026-07-08 12:00:00,137.0,1232.1,160.0,389.3,210.0,64.7,,,21.5,115.5,138.5,188.5,,106.06,4689.0,182.0,1143.0,211.5,971.0,24.589464704627854,91.28,45.72
2026-07-08 12:30:00,136.0,1216.1,153.0,353.5,205.0,58.8,,,36.73,99.27000000000001,116.27000000000001,168.27,,106.06,4677.5,242.0,1113.5,218.5,971.0,25.93265633351149,91.28,44.72
2026-07-08 13:00:00,133.8,1210.7,153.0,360.1,203.0,69.5,,,33.99,99.81,119.00999999999999,169.01,,109.99,4629.5,278.0,1105.5,213.5,971.5,26.98995571876013,91.28,42.52000000000001
2026-07-08 13:30:00,131.63,1199.2,137.03,356.4,187.03,61.4,,,72.76,58.86999999999999,64.27,114.27,,109.99,4591.5,270.5,1152.5,200.0,971.5,27.0499836654688,91.28,40.349999999999994
2026-07-08 14:00:00,135.0,1216.3,150.0,380.2,184.3,69.2,,,49.84,85.16,100.16,134.46,,110.48,4595.5,275.0,1168.0,214.5,971.0,27.113480578827115,91.28,43.72
2026-07-08 14:30:00,134.28,1202.6,136.77,352.5,179.5,65.6,,,285.51,-151.23,-148.73999999999998,-106.00999999999999,,110.48,4583.5,285.0,1183.5,226.0,971.0,27.40263990400349,91.28,43.0
2026-07-08 15:00:00,132.81,1211.9,140.0,380.0,185.0,68.8,,,202.87,-70.06,-62.870000000000005,-17.870000000000005,,111.6,4620.0,280.5,1186.5,224.5,971.0,27.08874458874459,91.28,41.53
2026-07-08 15:30:00,137.0,1142.1,145.88,334.7,179.4,43.4,,,96.46,40.540000000000006,49.42,82.94000000000001,,111.6,4628.5,274.5,1098.5,227.0,971.0,26.90936588527601,91.28,45.72
2026-07-08 16:00:00,142.06,1150.0,145.88,394.1,175.16,47.1,,,144.43,-2.3700000000000045,1.4499999999999886,30.72999999999999,,121.39,4696.0,297.0,1114.0,221.5,971.0,27.001703577512775,91.28,50.78
2026-07-08 16:30:00,149.8,1063.5,160.0,358.9,180.0,44.2,,,97.67,52.13000000000001,62.33,82.33,,121.39,4809.5,312.0,1110.0,216.0,971.0,26.67636968499844,91.28,58.52000000000001
2026-07-08 17:00:00,156.41,1110.0,154.13,426.7,165.29,62.9,156.93,22.1,93.56,62.849999999999994,60.56999999999999,71.72999999999999,63.370000000000005,128.24,4906.5,360.0,1034.0,208.5,971.0,27.127280138591665,91.28,65.13
2026-07-08 17:30:00,183.51,1167.6,196.54,432.7,237.53,74.5,181.54,35.6,78.54,104.96999999999998,117.99999999999999,158.99,102.99999999999999,128.24,5018.0,486.0,889.0,208.5,971.0,29.035472299721004,91.28,92.22999999999999
2026-07-08 18:00:00,192.93,1389.3,180.8,509.7,194.0,106.8,171.55,22.5,101.22,91.71000000000001,79.58000000000001,92.78,70.33000000000001,148.15,5044.5,523.0,752.5,214.5,971.0,29.6164139161463,91.28,101.65
2026-07-08 18:30:00,199.0,1325.6,184.34,474.6,199.1,101.5,177.1,20.1,87.58,111.42,96.76,111.52,89.52,148.15,5096.5,612.5,606.0,217.0,971.0,31.070342391837535,91.28,107.72
2026-07-08 19:00:00,203.67,1217.9,183.89,498.3,203.7,105.4,170.0,22.3,49.08,154.58999999999997,134.81,154.62,120.92,167.96,5126.5,651.5,464.0,215.5,971.0,31.64927338339998,91.28,112.38999999999999
2026-07-08 19:30:00,212.27,1148.8,200.58,435.8,225.6,92.4,188.56,28.9,-46.34,258.61,246.92000000000002,271.94,234.9,167.96,5141.5,609.0,288.0,223.0,971.0,30.730331615287366,91.28,120.99000000000001
2026-07-08 20:00:00,218.6,1185.9,205.0,478.2,230.0,92.6,195.5,22.1,137.3,81.29999999999998,67.69999999999999,92.69999999999999,58.19999999999999,168.94,5129.5,565.0,161.5,223.0,971.0,29.944439029145144,91.28,127.32
2026-07-08 20:30:00,219.25,1227.3,205.46,488.2,257.66,102.0,207.66,14.7,136.73,82.52000000000001,68.73000000000002,120.93000000000004,70.93,168.94,5123.0,569.0,87.5,224.5,971.0,30.060511419090375,91.28,127.97
2026-07-08 21:00:00,216.94,1207.5,210.21,452.6,247.93,138.7,200.0,14.4,98.21,118.73,112.00000000000001,149.72000000000003,101.79,166.56,5067.5,532.5,46.5,226.5,971.0,29.669462259496793,91.28,125.66
2026-07-08 21:30:00,210.0,1168.7,205.0,450.6,230.0,80.3,195.5,12.6,93.42,116.58,111.58,136.57999999999998,102.08,166.56,4995.5,503.5,17.5,230.5,971.0,29.516564908417575,91.28,118.72
2026-07-08 22:00:00,210.8,1269.5,202.03,485.1,243.6,94.4,200.0,22.5,73.94,136.86,128.09,169.66,126.06,153.54,4900.5,518.5,3.0,232.0,971.0,30.39485766758494,91.28,119.52000000000001
2026-07-08 22:30:00,210.0,1350.3,205.0,536.3,195.0,122.5,200.0,52.9,120.68,89.32,84.32,74.32,79.32,153.54,4831.0,496.0,2.5,237.5,971.0,30.366383771475885,91.28,118.72
2026-07-08 23:00:00,275.94,1156.2,348.63,563.9,,,,,319.34,-43.39999999999998,29.29000000000002,,,146.61,4684.5,448.5,3.0,248.5,971.0,30.302059985057106,91.28,184.66
2026-07-08 23:30:00,240.0,1116.3,298.51,577.4,,,,,107.39,132.61,191.12,,,146.61,4506.5,493.0,3.0,255.5,971.0,32.48640852102518,91.28,148.72
2026-07-09 00:00:00,235.21,1017.2,282.25,530.1,,,,,116.94,118.27000000000001,165.31,,,142.17,4356.5,471.0,3.0,261.0,971.0,33.099965568690465,91.28,143.93
2026-07-09 00:30:00,216.01,1010.2,234.04,534.7,,,,,179.61,36.39999999999998,54.42999999999998,,,142.17,4234.0,407.0,3.0,255.0,971.0,32.54605573925366,91.28,124.72999999999999
2026-07-09 01:00:00,201.0,918.4,235.06,498.8,,,,,136.96,64.03999999999999,98.1,,,134.99,4131.5,379.5,3.0,256.5,971.0,32.68788575577877,91.28,109.72
2026-07-09 01:30:00,201.0,894.2,221.05,500.8,,,,,122.96,78.04,98.09000000000002,,,134.99,4039.5,363.0,3.0,259.5,971.0,33.02388909518505,91.28,109.72
2026-07-09 02:00:00,210.67,916.5,248.8,508.4,,,,,133.74,76.92999999999998,115.06,,,130.77,4078.5,351.0,3.0,258.5,971.0,32.413877651097216,91.28,119.38999999999999
2026-07-09 02:30:00,202.38,879.1,234.04,489.4,,,,,132.56,69.82,101.47999999999999,,,130.77,4085.0,350.5,3.0,260.0,971.0,32.35006119951041,91.28,111.1
2026-07-09 03:00:00,189.11,919.0,212.01,514.4,,,,,124.79,64.32000000000001,87.21999999999998,,,130.95,4030.0,357.0,3.0,261.5,971.0,32.95285359801488,91.28,97.83000000000001
2026-07-09 03:30:00,182.67,873.1,193.45,445.9,,,,,116.41,66.25999999999999,77.03999999999999,,,130.95,3983.5,349.0,3.0,263.0,971.0,33.13668884147107,91.28,91.38999999999999
2026-07-09 04:00:00,181.86,861.4,201.0,467.8,,,,,129.55,52.31,71.44999999999999,,,138.85,3940.0,308.5,3.0,267.0,971.0,32.4746192893401,91.28,90.58000000000001
2026-07-09 04:30:00,182.9,859.2,190.28,439.7,,,,,115.94,66.96000000000001,74.34,,,138.85,3903.5,316.0,3.0,266.0,971.0,32.970411169463304,91.28,91.62
2026-07-09 05:00:00,179.06,929.5,185.92,452.7,,,,,151.41,27.650000000000006,34.50999999999999,,,143.94,3899.0,259.0,3.5,269.5,971.0,31.546550397537832,91.28,87.78
2026-07-09 05:30:00,179.06,877.9,185.92,401.0,,,,,185.87,-6.810000000000002,0.04999999999998295,,,143.94,3939.0,221.5,16.5,271.5,971.0,30.274181264280276,91.28,87.78
2026-07-09 06:00:00,199.75,1018.9,203.75,507.9,,,,,180.06,19.689999999999998,23.689999999999998,,,155.06,4102.0,205.0,53.0,265.0,971.0,28.668941979522184,91.28,108.47
2026-07-09 06:30:00,236.39,1117.7,261.39,544.3,,,,,214.66,21.72999999999999,46.72999999999999,,,155.06,4319.0,173.0,102.5,260.0,971.0,26.487612873350315,91.28,145.10999999999999
2026-07-09 07:00:00,255.9,1122.5,315.99,525.3,,,,,306.94,-51.03999999999999,9.050000000000011,,,146.89,4603.5,148.5,172.0,254.0,971.0,24.318453350711415,91.28,164.62
2026-07-09 07:30:00,263.5,1111.3,333.5,523.0,,,,,366.56,-103.06,-33.06,,,146.89,4838.0,155.0,265.0,243.5,971.0,23.274080198429104,91.28,172.22
2026-07-09 08:00:00,270.0,1236.7,300.0,524.7,,,,,396.75,-126.75,-96.75,,,132.72,4987.0,175.5,350.0,234.5,971.0,22.98977341086826,91.28,178.72
2026-07-09 08:30:00,270.74,1229.6,300.0,522.1,,,,,306.9,-36.15999999999997,-6.899999999999977,,,132.72,5118.5,207.5,430.0,228.0,971.0,23.02432353228485,91.28,179.46
2026-07-09 09:00:00,255.35,1198.3,270.68,523.9,,,,,306.77,-51.41999999999999,-36.089999999999975,,,120.23,5224.0,214.0,506.5,220.5,971.0,22.683767228177643,91.28,164.07
2026-07-09 09:30:00,228.54,1213.1,278.5,510.5,,,,,305.94,-77.4,-27.439999999999998,,,120.23,5220.5,204.0,602.5,218.5,971.0,22.507422660664687,91.28,137.26
2026-07-09 10:00:00,189.11,1167.5,188.64,459.0,,,,,319.37,-130.26,-130.73000000000002,,,117.02,5166.5,167.5,690.0,217.5,971.0,22.03619471595858,91.28,97.83000000000001
2026-07-09 10:30:00,172.73,1175.5,185.92,478.4,,,,,136.36,36.369999999999976,49.559999999999974,,,117.02,5119.0,139.5,775.5,218.5,971.0,21.69369017386208,91.28,81.44999999999999
2026-07-09 11:00:00,175.0,1179.1,173.01,441.1,127.55,62.1,,,345.66,-170.66000000000003,-172.65000000000003,-218.11,,111.17,5085.5,118.0,822.5,218.5,971.0,21.4138236161636,91.28,83.72
2026-07-09 11:30:00,165.0,1217.9,155.0,422.9,116.0,66.9,,,435.39,-270.39,-280.39,-319.39,,111.17,5028.0,102.0,913.5,219.0,971.0,21.34049323786794,91.28,73.72
2026-07-09 12:00:00,159.15,1224.3,150.0,412.9,118.7,70.7,,,468.54,-309.39,-318.54,-349.84000000000003,,108.24,4971.0,86.5,950.0,222.0,971.0,21.27338563669282,91.28,67.87
2026-07-09 12:30:00,155.0,1202.1,157.06,378.3,116.0,66.8,,,464.1,-309.1,-307.04,-348.1,,108.24,4901.5,76.5,1036.0,222.0,971.0,21.371008874834235,91.28,63.72
2026-07-09 13:00:00,159.01,1227.3,157.07,417.3,109.95,67.2,,,182.25,-23.24000000000001,-25.180000000000007,-72.3,,111.17,4813.5,103.5,1087.5,221.5,971.0,22.322634257816556,91.28,67.72999999999999
2026-07-09 13:30:00,156.13,1225.1,157.06,400.2,116.0,61.2,,,202.49,-46.360000000000014,-45.43000000000001,-86.49000000000001,,111.17,4722.5,122.0,1136.5,220.0,971.0,23.144520910534673,91.28,64.85
2026-07-09 14:00:00,155.0,1227.9,157.35,405.6,116.0,62.0,,,85.92,69.08,71.42999999999999,30.08,,111.21,4697.5,109.5,1185.5,215.5,971.0,23.001596593932945,91.28,63.72
2026-07-09 14:30:00,151.86,1230.8,159.0,432.9,120.0,62.2,,,88.32,63.54000000000002,70.68,31.680000000000007,,111.21,4691.0,130.5,1204.0,214.0,971.0,23.48113408654871,91.28,60.58000000000001
2026-07-09 15:00:00,160.94,1175.7,160.32,422.2,133.54,61.0,,,76.77,84.17,83.55,56.769999999999996,,108.18,4687.0,133.0,1190.0,217.0,971.0,23.55451248133134,91.28,69.66
2026-07-09 15:30:00,165.0,1140.4,150.72,436.6,123.3,43.0,,,66.97,98.03,83.75,56.33,,108.18,4706.5,116.5,1145.5,211.0,971.0,23.1063422925741,91.28,73.72
2026-07-09 16:00:00,164.02,1136.4,185.92,474.0,161.0,64.6,,,51.52,112.5,134.39999999999998,109.47999999999999,,111.69,4764.0,131.5,1092.5,207.5,971.0,23.142317380352644,91.28,72.74000000000001
2026-07-09 16:30:00,175.0,1063.0,183.29,414.3,149.0,81.1,,,83.96,91.04,99.33,65.04,,111.69,4863.0,114.0,1035.0,208.0,971.0,22.311330454451983,91.28,83.72
2026-07-09 17:00:00,199.37,1304.7,198.87,494.9,177.87,75.0,215.22,41.3,53.34,146.03,145.53,124.53,161.88,134.53,4982.0,102.0,998.5,211.0,971.0,21.53753512645524,91.28,108.09
2026-07-09 17:30:00,239.86,1392.9,274.41,495.4,157.39,204.2,187.8,31.4,80.25,159.61,194.16000000000003,77.13999999999999,107.55000000000001,134.53,5098.0,82.0,861.5,236.0,971.0,20.655158885837583,91.28,148.58
2026-07-09 18:00:00,258.28,1418.2,315.95,528.4,201.01,209.2,201.01,22.3,115.58,142.7,200.37,85.42999999999999,85.42999999999999,170.0,5138.0,63.5,718.5,244.0,971.0,20.134293499416113,91.28,166.99999999999997
2026-07-09 18:30:00,261.89,1352.3,302.41,482.9,211.02,206.3,201.01,20.1,114.12,147.76999999999998,188.29000000000002,96.9,86.88999999999999,170.0,5137.5,64.5,617.5,258.5,971.0,20.155717761557177,91.28,170.60999999999999
2026-07-09 19:00:00,265.0,1263.9,295.0,477.7,232.59,211.8,247.59,28.6,142.86,122.13999999999999,152.14,89.72999999999999,104.72999999999999,220.33,5138.5,51.0,448.5,254.0,971.0,19.889072686581688,91.28,173.72
2026-07-09 19:30:00,271.62,1233.0,299.12,472.7,251.25,235.7,266.25,28.6,129.33,142.29,169.79,121.91999999999999,136.92,220.33,5127.0,57.0,299.0,247.5,935.5,19.358299200312075,91.28,180.34
2026-07-09 20:00:00,267.27,1264.2,275.0,466.4,255.0,247.2,253.38,34.6,125.28,141.98999999999998,149.72,129.72,128.1,226.87,5105.0,66.5,167.0,251.0,962.0,20.146914789422134,91.28,175.98999999999998
2026-07-09 20:30:00,269.73,1232.3,279.7,469.6,229.26,220.4,236.89,13.8,129.24,140.49,150.45999999999998,100.01999999999998,107.64999999999998,226.87,5128.0,75.0,92.5,254.5,967.5,20.329563182527302,91.28,178.45000000000002
2026-07-09 21:00:00,265.0,1236.2,311.81,455.3,259.44,234.6,255.0,8.7,119.78,145.22,192.03,139.66,135.22,205.33,5070.0,82.0,50.0,259.5,969.5,20.7396449704142,91.28,173.72
2026-07-09 21:30:00,261.89,1269.2,275.52,483.7,238.4,225.4,237.0,22.5,113.24,148.64999999999998,162.27999999999997,125.16000000000001,123.76,205.33,4909.5,87.5,18.0,256.5,972.0,21.580609023322133,91.28,170.60999999999999
2026-07-09 22:00:00,259.67,1336.3,289.67,540.1,241.6,227.9,225.0,16.0,174.08,85.59,115.59,67.51999999999998,50.91999999999999,171.88,4920.5,112.5,3.0,270.0,972.0,22.040443044406054,91.28,168.39000000000001
2026-07-09 22:30:00,257.51,1361.2,307.5,552.3,215.0,218.0,239.5,44.0,149.3,108.20999999999998,158.2,65.69999999999999,90.19999999999999,171.88,4840.5,125.5,3.0,273.0,972.0,22.673277553971698,91.28,166.23
2026-07-09 23:00:00,255.93,1287.0,319.93,532.5,,,,,276.35,-20.420000000000016,43.579999999999984,,,150.29,4712.0,125.5,3.0,266.5,972.0,23.291595925297116,91.28,164.65
2026-07-09 23:30:00,233.84,1269.6,277.0,546.7,,,,,273.43,-39.59,3.569999999999993,,,150.29,4562.5,137.5,3.0,280.0,972.0,24.317808219178083,91.28,142.56
2026-07-10 00:00:00,231.25,1222.2,227.12,496.8,,,,,322.93,-91.68,-95.81,,,144.7,4421.0,136.0,3.0,285.0,972.0,25.062203121465732,91.28,139.97
2026-07-10 00:30:00,211.04,1229.0,223.93,538.3,,,,,127.59,83.44999999999999,96.34,,,144.7,4294.5,140.5,3.0,293.5,972.0,25.905227616719056,91.28,119.75999999999999
2026-07-10 01:00:00,209.12,1167.2,201.0,489.1,,,,,118.77,90.35000000000001,82.23,,,140.44,4203.5,154.5,3.0,298.5,972.0,26.799095991435706,91.28,117.84
2026-07-10 01:30:00,201.0,1188.9,181.24,496.6,,,,,102.86,98.14,78.38000000000001,,,140.44,4130.0,161.5,3.0,293.0,972.0,27.445520581113804,91.28,109.72
2026-07-10 02:00:00,208.0,1189.6,188.41,486.9,,,,,106.21,101.79,82.2,,,133.77,4148.5,189.0,3.0,292.5,972.0,27.9860190430276,91.28,116.72
2026-07-10 02:30:00,201.0,1175.2,181.4,493.0,,,,,96.81,104.19,84.59,,,133.77,4151.0,208.0,3.0,286.5,972.0,28.42688508793062,91.28,109.72
2026-07-10 03:00:00,201.0,1158.7,175.87,484.9,,,,,76.54,124.46,99.33,,,131.94,4082.5,210.0,3.0,285.5,972.0,28.95284751990202,91.28,109.72
2026-07-10 03:30:00,199.65,1215.1,179.7,514.6,,,,,64.39,135.26,115.30999999999999,,,131.94,4028.5,229.0,3.0,290.0,972.0,29.81258532952712,91.28,108.37
2026-07-10 04:00:00,199.61,1154.8,157.94,504.7,,,,,98.58,101.03000000000002,59.36,,,137.96,3983.0,230.5,3.0,296.0,972.0,30.190810946522724,91.28,108.33000000000001
2026-07-10 04:30:00,182.0,1085.9,157.0,444.6,,,,,65.25,116.75,91.75,,,137.96,3950.0,245.0,3.0,293.5,972.0,30.81012658227848,91.28,90.72
2026-07-10 05:00:00,181.89,1129.4,156.49,474.4,,,,,65.97,115.91999999999999,90.52000000000001,,,146.67,3933.5,257.0,4.0,292.5,972.0,31.244438794966317,91.28,90.60999999999999
2026-07-10 05:30:00,181.31,1089.3,154.26,448.6,,,,,86.15,95.16,68.10999999999999,,,146.67,3955.0,264.0,24.5,294.5,965.0,31.074589127686476,91.28,90.03
2026-07-10 06:00:00,193.64,1199.1,158.59,544.6,,,,,76.55,117.08999999999999,82.04,,,146.11,4120.5,254.0,63.5,293.0,971.5,29.741536221332364,91.28,102.35999999999999
2026-07-10 06:30:00,223.02,1266.6,207.0,531.8,,,,,87.18,135.84,119.82,,,146.11,4297.0,243.0,115.5,279.5,972.0,28.275541075168718,91.28,131.74
2026-07-10 07:00:00,243.03,1404.0,232.56,538.9,,,,,138.38,104.65,94.18,,,142.42,4543.0,230.5,209.5,273.0,972.0,26.46929341844596,91.28,151.75
2026-07-10 07:30:00,255.0,1380.5,275.0,544.3,,,,,111.94,143.06,163.06,,,142.42,4768.0,188.0,330.0,261.5,972.0,24.328859060402685,91.28,163.72
2026-07-10 08:00:00,243.25,1377.1,245.18,526.2,,,,,105.19,138.06,139.99,,,130.06,4949.0,144.5,480.5,253.0,972.0,22.56011315417256,91.28,151.97
2026-07-10 08:30:00,235.69,1350.0,263.07,511.9,,,,,235.28,0.4099999999999966,27.789999999999992,,,130.06,5057.5,103.5,669.0,239.0,972.0,21.265447355412753,91.28,144.41
2026-07-10 09:00:00,246.18,1248.5,281.18,577.3,,,,,230.46,15.719999999999999,50.72,,,124.18,5084.5,114.5,792.0,234.5,972.0,21.368866161864492,91.28,154.9
2026-07-10 09:30:00,229.8,1241.5,264.8,554.8,,,,,168.39,61.410000000000025,96.41000000000003,,,124.18,5016.5,118.0,903.5,228.0,972.0,21.728296621150204,91.28,138.52
2026-07-10 10:00:00,201.0,1225.3,299.46,447.2,,,,,178.3,22.69999999999999,121.15999999999997,,,115.61,4907.0,136.0,1005.0,212.0,972.0,22.579987772569797,91.28,109.72
2026-07-10 10:30:00,187.81,1239.9,228.3,494.4,,,,,178.3,9.509999999999991,50.0,,,115.61,4830.5,160.0,1082.5,204.5,972.0,23.434427077942242,91.28,96.53
2026-07-10 11:00:00,171.89,1218.0,170.0,463.3,150.0,47.2,,,174.83,-2.940000000000026,-4.8300000000000125,-24.830000000000013,,113.73,4776.5,184.0,1143.0,203.5,972.0,24.201821417355802,91.28,80.60999999999999
2026-07-10 11:30:00,147.97,1160.6,149.74,428.0,116.53,17.3,,,70.89,77.08,78.85000000000001,45.64,,113.73,4737.5,185.5,1178.5,206.5,971.5,24.422163588390504,91.28,56.69
2026-07-10 12:00:00,147.51,1169.6,150.0,378.8,127.5,40.4,,,85.27,62.239999999999995,64.73,42.230000000000004,,112.77,4695.5,181.0,1201.0,207.0,971.0,24.534128420828452,91.28,56.22999999999999
2026-07-10 12:30:00,145.95,1222.3,146.0,413.9,124.0,42.3,,,24.68,121.26999999999998,121.32,99.32,,112.77,4677.0,181.0,1214.5,205.5,971.0,24.631173829377808,91.28,54.66999999999999
2026-07-10 13:00:00,142.75,1186.4,146.47,392.0,124.5,40.2,,,43.01,99.74000000000001,103.46000000000001,81.49000000000001,,110.75,4619.5,210.5,1228.0,201.0,971.0,25.57636107803875,91.28,51.47
2026-07-10 13:30:00,142.75,1231.4,146.0,394.0,124.39,46.1,,,34.22,108.53,111.78,90.17,,110.75,4569.0,232.0,1216.0,200.5,971.0,26.329612606697307,91.28,51.47
2026-07-10 14:00:00,145.57,1215.2,152.51,410.5,134.0,43.7,,,90.15,55.41999999999999,62.359999999999985,43.849999999999994,,110.77,4562.5,237.5,1198.0,208.5,971.0,26.487671232876714,91.28,54.28999999999999
2026-07-10 14:30:00,145.0,1209.6,152.0,379.2,129.95,43.5,,,60.49,84.50999999999999,91.50999999999999,69.45999999999998,,110.77,4528.5,255.0,1203.5,208.0,971.0,27.072982223694382,91.28,53.72
2026-07-10 15:00:00,146.75,1210.1,146.0,417.7,144.58,43.8,,,23.86,122.89,122.14,120.72000000000001,,110.77,4539.5,290.5,1192.0,206.0,971.0,27.78940411939641,91.28,55.47
2026-07-10 15:30:00,147.51,1176.7,146.0,407.8,145.0,38.5,,,77.37,70.13999999999999,68.63,67.63,,110.77,4534.0,358.0,1176.5,198.0,971.0,29.311865902073226,91.28,56.22999999999999
2026-07-10 16:00:00,150.0,1146.6,135.36,377.1,137.07,40.7,,,42.25,107.75,93.11000000000001,94.82,,119.24,4571.0,457.0,1129.5,181.0,971.0,31.240428790199083,91.28,58.72
2026-07-10 16:30:00,152.12,1083.1,139.65,343.5,134.77,44.4,,,60.35,91.77000000000001,79.30000000000001,74.42000000000002,,119.24,4649.0,538.0,1094.0,170.5,968.5,32.40481824048182,91.28,60.84
2026-07-10 17:00:00,160.77,1214.2,137.06,426.4,137.49,35.5,135.0,14.7,88.72,72.05000000000001,48.34,48.77000000000001,46.28,136.94,4760.0,573.0,969.5,194.0,796.0,28.76050420168067,91.28,69.49000000000001
2026-07-10 17:30:00,175.0,1174.9,142.88,400.7,131.44,49.5,120.0,22.4,94.2,80.8,48.67999999999999,37.239999999999995,25.799999999999997,136.94,4849.0,615.0,880.5,202.0,800.5,29.191585893998763,91.28,83.72
2026-07-10 18:00:00,185.0,1168.1,162.71,441.5,146.66,52.0,122.04,21.1,93.84,91.16,68.87,52.81999999999999,28.200000000000003,159.98,4890.0,660.5,755.0,202.0,863.0,31.155419222903884,91.28,93.72
2026-07-10 18:30:00,193.01,1133.8,169.14,360.8,151.83,60.1,140.0,28.3,110.33,82.67999999999999,58.80999999999999,41.500000000000014,29.67,159.98,4914.5,681.5,596.5,206.5,830.0,30.7559263404212,91.28,101.72999999999999
2026-07-10 19:00:00,198.53,1103.3,180.22,366.3,165.2,51.5,145.0,27.8,133.71,64.82,46.50999999999999,31.48999999999998,11.289999999999992,181.51,4937.5,728.5,441.5,210.5,792.0,30.79493670886076,91.28,107.25
2026-07-10 19:30:00,197.88,1110.7,180.53,347.5,171.87,38.6,150.0,27.7,204.51,-6.6299999999999955,-23.97999999999999,-32.639999999999986,-54.50999999999999,181.51,4944.0,742.5,290.0,211.5,770.0,30.592637540453076,91.28,106.6
2026-07-10 20:00:00,202.75,986.3,180.24,356.8,175.49,32.3,149.0,28.3,230.59,-27.840000000000003,-50.349999999999994,-55.099999999999994,-81.59,177.12,4920.5,760.0,160.5,216.0,864.0,33.00477593740474,91.28,111.47
2026-07-10 20:30:00,198.03,1018.9,182.13,370.8,175.8,35.3,145.71,28.5,217.98,-19.94999999999999,-35.849999999999994,-42.17999999999998,-72.26999999999998,177.12,4890.0,838.0,82.5,215.5,879.5,35.12269938650307,91.28,106.75
2026-07-10 21:00:00,193.09,993.2,179.36,331.2,171.87,51.0,136.87,27.7,123.78,69.31,55.58000000000001,48.09,13.090000000000003,171.92,4841.5,929.5,39.0,210.0,914.0,38.07704223897552,91.28,101.81
2026-07-10 21:30:00,183.9,1036.9,177.71,352.7,168.19,58.4,150.0,36.0,141.93,41.97,35.78,26.25999999999999,8.069999999999993,171.92,4730.0,1056.5,10.0,213.5,850.5,40.31712473572939,91.28,92.62
2026-07-10 22:00:00,177.9,966.3,172.44,332.6,172.36,33.3,150.0,28.7,122.58,55.32000000000001,49.86,49.780000000000015,27.42,157.88,4675.5,1185.5,3.5,208.0,825.0,43.00074858303925,91.28,86.62
2026-07-10 22:30:00,168.9,1015.4,161.69,368.2,169.65,20.9,154.0,22.0,129.79,39.110000000000014,31.900000000000006,39.860000000000014,24.210000000000008,157.88,4643.0,1364.5,4.0,206.5,721.5,44.92784837389619,91.28,77.62
