Datetime,DAM_Price,DAM_Volume,IDA1_Price,IDA1_Volume,IDA2_Price,IDA2_Volume,IDA3_Price,IDA3_Volume,ISP,DAM_Spread_to_ISP,IDA1_Spread_to_ISP,IDA2_Spread_to_ISP,IDA3_Spread_to_ISP,GB_DA_Price,SystemDemand,WindGeneration,SolarGeneration,CO2Intensity,InterconnectorFlow,SNSP_Pct,SRMC,SparkSpread
2026-09-24 00:00:00,176.01,641.6,170.45,386.6,,,,,109.79,66.21999999999998,60.65999999999998,,,167.72,4247.5,1908.0,-0.5,174.0,700.5,61.41259564449676,91.28,84.72999999999999
2026-09-24 00:30:00,171.79,772.2,172.06,441.1,,,,,109.74,62.05,62.32000000000001,,,167.72,4160.5,1906.0,-1.0,181.5,570.0,59.51207787525538,91.28,80.50999999999999
2026-09-24 01:00:00,169.29,601.8,167.2,248.4,,,,,87.18,82.10999999999999,80.01999999999998,,,166.98,4059.0,2021.0,0.0,172.0,496.0,62.01034737620104,91.28,78.00999999999999
2026-09-24 01:30:00,165.91,684.4,162.43,261.7,,,,,105.91,60.0,56.52000000000001,,,166.98,3956.0,2156.5,-1.0,170.0,264.0,61.18554095045501,91.28,74.63
2026-09-24 02:00:00,161.09,668.3,164.11,238.1,,,,,122.73,38.36,41.38000000000001,,,159.79,4042.0,2301.5,-1.0,162.0,205.5,62.02375061850569,91.28,69.81
2026-09-24 02:30:00,160.01,654.0,164.09,201.8,,,,,106.63,53.379999999999995,57.46000000000001,,,159.79,4070.0,2371.5,-1.0,161.0,154.5,62.06388206388206,91.28,68.72999999999999
2026-09-24 03:00:00,159.2,691.4,163.44,231.7,,,,,109.78,49.41999999999999,53.66,,,160.21,4030.0,2472.5,-0.5,161.5,26.5,62.00992555831265,91.28,67.91999999999999
2026-09-24 03:30:00,155.09,715.1,159.69,196.9,,,,,122.99,32.10000000000001,36.7,,,160.21,3967.5,2475.5,-1.0,160.5,3.0,62.47006931316951,91.28,63.81
2026-09-24 04:00:00,157.76,719.5,160.0,176.6,,,,,75.47,82.28999999999999,84.53,,,159.92,3895.5,2375.5,-0.5,165.0,5.0,61.10897189064305,91.28,66.47999999999999
2026-09-24 04:30:00,158.41,736.6,155.46,165.5,,,,,55.68,102.72999999999999,99.78,,,159.92,3849.0,2345.0,-0.5,168.5,-41.0,60.282776349614394,91.28,67.13
2026-09-24 05:00:00,167.92,742.6,167.0,212.4,,,,,41.35,126.57,125.65,,,178.83,3887.0,2478.0,-1.0,168.5,-160.5,61.22297714638666,91.28,76.63999999999999
2026-09-24 05:30:00,170.82,748.3,174.33,186.5,,,,,42.8,128.01999999999998,131.53000000000003,,,178.83,3970.5,2464.5,-0.5,176.5,-222.0,58.78354203935599,91.28,79.53999999999999
2026-09-24 06:00:00,196.0,895.6,186.96,227.5,,,,,23.85,172.15,163.11,,,208.24,4181.0,2603.5,0.0,174.5,-244.0,58.836158192090394,91.28,104.72
2026-09-24 06:30:00,206.88,832.9,203.53,198.7,,,,,27.75,179.13,175.78,,,208.24,4479.5,2698.0,0.0,175.0,-136.5,58.44887348353552,91.28,115.6
2026-09-24 07:00:00,214.42,960.3,215.0,281.5,,,,,50.83,163.58999999999997,164.17000000000002,,,212.97,4884.0,2831.5,0.0,164.0,58.5,59.172809172809174,91.28,123.13999999999999
2026-09-24 07:30:00,221.0,977.2,221.81,325.7,,,,,52.68,168.32,169.13,,,212.97,5182.0,2689.0,15.0,152.0,329.0,58.24006175221922,91.28,129.72
2026-09-24 08:00:00,207.8,1039.6,217.14,261.7,,,,,189.57,18.230000000000018,27.569999999999993,,,202.99,5345.5,2673.5,53.0,152.0,386.0,57.23505752502105,91.28,116.52000000000001
2026-09-24 08:30:00,204.99,1079.5,194.91,256.9,,,,,219.94,-14.949999999999989,-25.03,,,202.99,5400.0,2601.5,95.0,157.5,350.5,54.666666666666664,91.28,113.71000000000001
2026-09-24 09:00:00,186.09,1127.0,195.0,207.3,,,,,196.9,-10.810000000000002,-1.9000000000000057,,,182.75,5448.0,2512.5,192.5,140.0,682.0,58.63619676945668,91.28,94.81
2026-09-24 09:30:00,182.01,1088.7,190.37,250.2,,,,,253.94,-71.93,-63.56999999999999,,,182.75,5451.0,2669.5,252.5,130.5,640.0,60.7136305265089,91.28,90.72999999999999
2026-09-24 10:00:00,180.02,1123.2,177.37,239.6,,,,,255.77,-75.75,-78.4,,,178.48,5437.5,2726.5,319.5,132.0,431.0,58.06896551724138,91.28,88.74000000000001
2026-09-24 10:30:00,170.13,1069.1,180.31,216.7,,,,,259.15,-89.01999999999998,-78.83999999999997,,,178.48,5419.5,2638.0,289.0,144.0,314.5,54.47919549773964,91.28,78.85
2026-09-24 11:00:00,147.12,1174.3,159.36,325.7,152.81,60.5,,,252.31,-105.19,-92.94999999999999,-99.5,,137.12,5405.5,2624.5,371.0,133.0,481.5,57.45999445009712,91.28,55.84
2026-09-24 11:30:00,138.29,1119.3,142.11,270.9,149.18,68.9,,,246.2,-107.91,-104.08999999999997,-97.01999999999998,,137.12,5346.0,2621.5,442.5,118.5,669.0,61.55069210624766,91.28,47.00999999999999
2026-09-24 12:00:00,129.35,1055.7,145.25,217.2,151.35,63.3,,,250.11,-120.76000000000002,-104.86000000000001,-98.76000000000002,,126.33,5305.0,2589.5,486.0,120.0,698.5,61.97926484448634,91.28,38.06999999999999
2026-09-24 12:30:00,128.33,1050.3,130.82,221.7,141.12,59.8,,,234.16,-105.82999999999998,-103.34,-93.03999999999999,,126.33,5307.5,2583.5,473.5,124.5,659.5,61.102213848327835,91.28,37.05000000000001
2026-09-24 13:00:00,125.94,1037.0,133.19,215.9,140.64,64.1,,,262.23,-136.29000000000002,-129.04000000000002,-121.59000000000003,,123.92,5291.0,2728.5,445.0,129.0,571.5,62.37006237006237,91.28,34.66
2026-09-24 13:30:00,125.0,1061.3,124.12,225.5,131.55,63.1,,,264.52,-139.51999999999998,-140.39999999999998,-132.96999999999997,,123.92,5200.5,2726.5,588.0,132.5,501.5,62.070954715892704,91.28,33.72
2026-09-24 14:00:00,125.0,1054.1,122.77,191.7,135.96,65.1,,,260.0,-135.0,-137.23000000000002,-124.03999999999999,,123.64,5208.5,2924.0,538.5,127.5,471.5,65.19151387155611,91.28,33.72
2026-09-24 14:30:00,124.82,1029.2,123.34,209.8,135.75,65.4,,,260.0,-135.18,-136.66,-124.25,,123.64,5194.0,2849.0,529.0,127.0,469.0,63.881401617250674,91.28,33.53999999999999
2026-09-24 15:00:00,122.0,1056.0,136.78,225.2,145.86,79.7,,,258.08,-136.07999999999998,-121.29999999999998,-112.21999999999997,,121.92,5245.5,2909.0,482.5,127.0,387.0,62.834810790201125,91.28,30.72
2026-09-24 15:30:00,124.62,1021.9,140.1,191.0,150.14,70.7,,,245.69,-121.07,-105.59,-95.55000000000001,,121.92,5287.0,2832.0,402.5,137.5,253.5,58.36012861736335,91.28,33.34
2026-09-24 16:00:00,152.65,1037.1,167.83,226.1,178.96,63.0,,,201.87,-49.22,-34.03999999999999,-22.909999999999997,,163.13,5330.5,2846.5,359.0,148.5,41.5,54.178782478191536,91.28,61.370000000000005
2026-09-24 16:30:00,164.66,1083.1,177.69,241.1,232.68,57.3,,,112.98,51.67999999999999,64.71,119.7,,163.13,5500.0,2834.5,246.5,149.0,183.5,54.872727272727275,91.28,73.38
2026-09-24 17:00:00,189.96,1254.6,191.48,262.9,176.31,71.7,181.0,25.1,58.92,131.04000000000002,132.56,117.39,122.08,207.43,5622.0,2788.5,202.0,161.0,-85.0,48.86104783599089,91.28,98.68
2026-09-24 17:30:00,201.97,1124.4,215.28,217.7,230.94,61.2,280.94,28.4,124.95,77.02,90.33,105.99,155.99,207.43,5676.0,2707.5,116.5,163.5,60.5,48.766737138830166,91.28,110.69
2026-09-24 18:00:00,219.08,1040.1,223.21,255.9,220.0,57.0,270.0,12.8,127.4,91.68,95.81,92.6,142.6,221.31,5678.0,2505.0,71.5,162.0,304.0,49.47164494540331,91.28,127.80000000000001
2026-09-24 18:30:00,223.31,1095.6,227.56,251.1,226.02,38.8,267.5,28.6,115.82,107.49000000000001,111.74000000000001,110.20000000000002,151.68,221.31,5643.5,2429.0,30.5,153.0,454.0,51.08531939399309,91.28,132.03
2026-09-24 19:00:00,222.02,1053.2,230.57,300.4,224.83,56.2,239.5,15.1,121.55,100.47000000000001,109.02,103.28000000000002,117.95,219.57,5657.0,2393.5,6.5,143.0,603.0,52.969771963938484,91.28,130.74
2026-09-24 19:30:00,227.06,1088.6,229.77,439.3,224.21,44.6,231.95,10.5,132.54,94.52000000000001,97.23000000000002,91.67000000000002,99.41,219.57,5733.5,2272.5,-1.0,139.0,758.5,52.86474230400279,91.28,135.78
2026-09-24 20:00:00,223.6,1043.4,234.23,556.3,224.23,34.5,186.4,16.0,128.78,94.82,105.44999999999999,95.44999999999999,57.620000000000005,207.28,5660.5,1954.0,-1.0,149.0,954.5,51.38238671495451,91.28,132.32
2026-09-24 20:30:00,222.02,1051.2,227.75,637.9,219.54,25.5,184.18,19.5,92.92,129.10000000000002,134.82999999999998,126.61999999999999,91.26,207.28,5546.5,1590.5,-1.0,164.0,1141.5,49.25628774903092,91.28,130.74
2026-09-24 21:00:00,206.9,988.8,217.61,561.8,196.17,32.0,160.16,17.9,62.0,144.9,155.61,134.17,98.16,187.3,5376.5,1453.0,0.0,166.5,1282.0,50.86952478378127,91.28,115.62
2026-09-24 21:30:00,196.64,1000.3,195.72,653.2,174.77,26.6,160.58,12.2,124.18,72.45999999999998,71.53999999999999,50.59,36.400000000000006,187.3,5172.5,1465.0,0.0,171.0,1288.5,53.23344610923151,91.28,105.35999999999999
2026-09-24 22:00:00,193.2,953.8,183.87,631.0,185.98,57.8,171.86,30.4,180.62,12.579999999999984,3.25,5.359999999999985,-8.759999999999991,175.69,4953.5,1382.0,0.0,172.5,1273.5,53.608559604320185,91.28,101.91999999999999
2026-09-24 22:30:00,182.95,929.4,182.17,630.5,185.37,64.1,179.28,32.3,120.04,62.90999999999998,62.12999999999998,65.33,59.239999999999995,175.69,4721.0,1249.5,0.0,182.5,1160.5,51.048506672315185,91.28,91.66999999999999
2026-09-24 23:00:00,176.76,820.8,190.56,482.7,,,,,106.69,70.07,83.87,,,160.48,4569.5,1264.0,0.0,190.0,979.0,49.086333296859614,91.28,85.47999999999999
2026-09-24 23:30:00,170.76,792.5,177.22,463.1,,,,,91.13,79.63,86.09,,,160.48,4429.5,1287.5,0.0,201.0,866.0,48.61722542047635,91.28,79.47999999999999
2026-09-25 00:00:00,173.6,810.2,176.85,469.7,,,,,113.21,60.39,63.64,,,161.76,4338.5,1321.0,0.0,205.0,864.0,50.36302869655411,91.28,82.32
2026-09-25 00:30:00,170.01,829.5,169.72,469.3,,,,,135.86,34.14999999999998,33.859999999999985,,,161.76,4233.5,1273.0,0.0,207.5,840.5,49.923231368843744,91.28,78.72999999999999
2026-09-25 01:00:00,170.01,825.1,166.79,421.3,,,,,109.59,60.41999999999999,57.19999999999999,,,160.49,4148.5,1198.5,0.0,212.5,827.0,48.82487646137158,91.28,78.72999999999999
2026-09-25 01:30:00,167.11,821.6,166.06,408.7,,,,,99.99,67.12000000000002,66.07000000000001,,,160.49,4093.5,1176.5,0.0,217.0,827.0,48.94344692805668,91.28,75.83000000000001
2026-09-25 02:00:00,172.0,845.6,170.19,441.0,,,,,80.25,91.75,89.94,,,159.94,4155.5,1175.5,0.0,219.5,864.0,49.07953314883889,91.28,80.72
2026-09-25 02:30:00,171.0,839.5,169.4,468.1,,,,,98.71,72.29,70.69000000000001,,,159.94,4183.0,1148.0,0.0,222.5,869.5,48.230934735835525,91.28,79.72
2026-09-25 03:00:00,171.1,836.1,166.14,485.6,,,,,91.36,79.74,74.77999999999999,,,160.13,4131.0,1121.0,0.0,226.0,842.0,47.518760590656015,91.28,79.82
2026-09-25 03:30:00,169.45,797.6,164.13,430.4,,,,,81.76,87.68999999999998,82.36999999999999,,,160.13,4082.5,1116.0,0.0,223.5,827.5,47.6056338028169,91.28,78.16999999999999
2026-09-25 04:00:00,172.64,752.1,169.13,365.2,,,,,159.03,13.609999999999985,10.099999999999994,,,167.02,4031.0,1119.5,0.0,221.0,821.0,48.139419498883655,91.28,81.35999999999999
2026-09-25 04:30:00,172.64,690.9,172.24,313.4,,,,,139.34,33.29999999999998,32.900000000000006,,,167.02,4004.5,1114.5,0.0,218.5,812.5,48.12086402796854,91.28,81.35999999999999
2026-09-25 05:00:00,187.02,704.5,186.46,312.0,,,,,119.99,67.03000000000002,66.47000000000001,,,189.14,4022.5,1192.5,0.0,229.5,551.5,43.3561218147918,91.28,95.74000000000001
2026-09-25 05:30:00,194.57,635.3,194.57,259.1,,,,,140.42,54.150000000000006,54.150000000000006,,,189.14,4083.5,1298.5,0.0,223.5,546.5,45.18182931308926,91.28,103.28999999999999
2026-09-25 06:00:00,226.3,908.9,207.0,511.9,,,,,211.43,14.870000000000005,-4.430000000000007,,,227.57,4289.0,1219.0,0.0,222.5,686.0,44.41594777337375,91.28,135.02
2026-09-25 06:30:00,236.88,870.5,220.88,554.4,,,,,202.35,34.53,18.53,,,227.57,4560.0,1136.0,0.0,205.5,1049.0,47.91666666666667,91.28,145.6
2026-09-25 07:00:00,243.21,1030.3,251.95,697.2,,,,,137.15,106.06,114.79999999999998,,,222.01,4938.0,1059.5,0.0,189.5,1353.5,48.86593762656946,91.28,151.93
2026-09-25 07:30:00,258.11,1112.5,265.0,738.9,,,,,232.46,25.650000000000006,32.53999999999999,,,222.01,5250.5,1000.0,3.5,182.0,1477.5,47.1859822874012,91.28,166.83
2026-09-25 08:00:00,266.43,1245.7,277.4,769.2,,,,,177.71,88.72,99.68999999999997,,,194.36,5421.5,991.0,41.5,179.5,1485.5,45.67924006271327,91.28,175.15
2026-09-25 08:30:00,269.48,1301.4,301.0,820.4,,,,,459.28,-189.79999999999995,-158.27999999999997,,,194.36,5500.0,903.0,97.0,182.0,1485.0,43.418181818181814,91.28,178.20000000000002
2026-09-25 09:00:00,279.0,1343.3,300.0,839.1,,,,,627.25,-348.25,-327.25,,,172.99,5535.0,839.0,169.5,182.5,1485.0,41.9873532068654,91.28,187.72
2026-09-25 09:30:00,236.77,1306.6,305.73,820.9,,,,,627.28,-390.51,-321.54999999999995,,,172.99,5524.0,809.5,251.0,184.5,1485.0,41.53692976104272,91.28,145.49
2026-09-25 10:00:00,215.8,1205.8,214.2,738.7,,,,,627.01,-411.21,-412.81,,,167.75,5433.5,791.0,354.0,182.5,1480.0,41.796263918284716,91.28,124.52000000000001
2026-09-25 10:30:00,186.53,1146.3,178.93,692.9,,,,,577.02,-390.49,-398.09,,,167.75,5331.0,902.0,402.5,176.5,1362.5,42.477959107109356,91.28,95.25
2026-09-25 11:00:00,175.0,1074.6,168.46,540.2,141.16,49.7,,,489.57,-314.57,-321.11,-348.40999999999997,,158.12,5232.0,996.0,517.0,174.5,1186.0,41.70489296636086,91.28,83.72
2026-09-25 11:30:00,167.78,1066.7,164.1,471.0,145.71,72.5,,,371.2,-203.42,-207.1,-225.48999999999998,,158.12,5152.5,990.0,669.0,177.0,1046.5,39.52450266860747,91.28,76.5
2026-09-25 12:00:00,166.29,1076.8,166.21,406.3,147.51,77.9,,,346.49,-180.20000000000002,-180.28,-198.98000000000002,,158.48,5043.0,1168.5,780.0,175.5,877.5,40.57108863771565,91.28,75.00999999999999
2026-09-25 12:30:00,164.4,1047.4,163.43,416.4,149.67,70.6,,,528.53,-364.13,-365.09999999999997,-378.86,,158.48,5034.5,1259.5,776.0,175.5,880.0,42.496772271327835,91.28,73.12
2026-09-25 13:00:00,161.81,1023.3,162.27,288.2,145.4,79.4,,,163.09,-1.2800000000000011,-0.8199999999999932,-17.689999999999998,,158.96,4999.5,1430.5,819.0,168.5,734.0,43.29432943294329,91.28,70.53
2026-09-25 13:30:00,160.97,1018.7,164.71,306.5,148.5,92.4,,,125.19,35.78,39.52000000000001,23.310000000000002,,158.96,4881.5,1566.0,821.0,166.5,562.5,43.60340059407969,91.28,69.69
2026-09-25 14:00:00,162.0,994.9,165.68,251.6,148.23,78.7,,,190.1,-28.099999999999994,-24.419999999999987,-41.870000000000005,,161.37,4819.0,1566.5,854.0,174.5,363.0,40.03942726706786,91.28,70.72
2026-09-25 14:30:00,160.05,936.2,165.51,264.9,147.8,74.2,,,39.64,120.41000000000001,125.86999999999999,108.16000000000001,,161.37,4754.5,1630.5,860.0,179.5,204.0,38.58449889578294,91.28,68.77000000000001
2026-09-25 15:00:00,158.01,1025.2,163.65,206.0,141.93,46.1,,,52.74,105.26999999999998,110.91,89.19,,158.16,4773.0,1764.5,761.5,188.5,17.5,37.335009428032684,91.28,66.72999999999999
2026-09-25 15:30:00,160.16,1042.0,169.1,187.7,146.11,44.9,,,97.87,62.28999999999999,71.22999999999999,48.24000000000001,,158.16,4804.0,1637.0,623.5,202.5,-48.0,33.73866446826051,91.28,68.88
2026-09-25 16:00:00,176.41,1126.3,189.02,245.6,180.0,59.4,,,12.29,164.12,176.73000000000002,167.71,,187.16,4833.0,1781.5,667.0,205.0,-301.5,34.69665985003408,91.28,85.13
2026-09-25 16:30:00,186.2,1087.5,199.44,190.6,208.47,70.5,,,16.36,169.83999999999997,183.07999999999998,192.11,,187.16,4905.0,1801.0,717.0,199.0,-259.0,34.876065065840436,91.28,94.91999999999999
2026-09-25 17:00:00,225.0,1022.7,234.0,231.7,240.0,41.3,255.0,20.5,53.64,171.36,180.36,186.36,201.36,237.22,5020.5,1918.0,496.0,199.5,-113.0,37.36242329794487,91.28,133.72
2026-09-25 17:30:00,237.93,983.5,250.14,216.6,252.93,49.6,300.0,22.6,98.6,139.33,151.54,154.33,201.4,237.22,5191.5,2276.5,378.5,178.0,46.5,44.74621978233651,91.28,146.65
2026-09-25 18:00:00,243.6,1031.0,243.7,194.9,257.33,51.0,307.25,23.5,111.44,132.16,132.26,145.89,195.81,255.33,5276.5,2164.0,219.5,174.5,-78.0,40.41460453823886,91.28,152.32
2026-09-25 18:30:00,244.91,1064.8,247.25,230.2,262.35,65.9,285.0,23.7,106.27,138.64,140.98000000000002,156.08000000000004,178.73000000000002,255.33,5334.0,2236.5,97.5,173.0,-221.5,40.25740257402574,91.28,153.63
2026-09-25 19:00:00,241.22,1092.9,236.08,179.7,256.13,27.4,350.0,18.4,199.52,41.69999999999999,36.56,56.609999999999985,150.48,242.55,5321.0,2206.0,20.0,179.5,-245.5,39.62992903979161,91.28,149.94
2026-09-25 19:30:00,240.42,1002.0,252.5,207.6,247.42,19.4,350.0,17.9,98.12,142.29999999999998,154.38,149.29999999999998,251.88,242.55,5422.5,2384.5,0.0,175.0,-218.0,42.27462104423367,91.28,149.14
2026-09-25 20:00:00,226.0,1044.1,238.26,167.1,234.78,23.7,285.0,19.1,114.5,111.5,123.75999999999999,120.28,170.5,223.29,5431.0,2702.0,-1.0,165.0,-133.5,48.55782190673016,91.28,134.72
2026-09-25 20:30:00,218.63,1007.8,226.77,171.3,224.61,38.2,255.92,23.9,112.46,106.17,114.31000000000002,112.15000000000002,143.45999999999998,223.29,5325.0,2966.5,-0.5,155.0,-35.5,55.33998694151665,91.28,127.35
2026-09-25 21:00:00,196.03,1016.6,203.34,198.4,221.41,43.2,245.0,19.2,102.8,93.23,100.54,118.61,142.2,199.07,5147.5,3048.0,0.0,157.0,-188.0,57.126792240652236,91.28,104.75
2026-09-25 21:30:00,185.55,996.2,183.04,251.2,181.09,80.8,215.0,19.4,89.18,96.37,93.85999999999999,91.91,125.82,199.07,4952.5,3073.0,0.0,165.5,-389.0,57.53065618272021,91.28,94.27000000000001
2026-09-25 22:00:00,179.09,980.7,181.51,203.4,178.72,78.2,199.0,23.5,85.11,93.98,96.39999999999999,93.61,113.89,181.99,4785.0,3163.0,0.0,150.5,-309.5,62.086563941505545,91.28,87.81
2026-09-25 22:30:00,172.69,983.8,177.0,299.0,170.94,36.9,185.0,4.6,77.6,95.09,99.4,93.34,107.4,181.99,4619.0,3040.5,-0.5,152.5,-288.5,61.95618950585838,91.28,81.41
2026-09-25 23:00:00,199.17,1104.4,196.3,249.3,,,,,197.19,1.9799999999999898,-0.8899999999999864,,,197.57,4480.0,2948.0,0.0,155.0,-285.5,61.86129472248453,91.28,107.88999999999999
2026-09-25 23:30:00,191.0,1063.5,193.87,270.9,,,,,54.69,136.31,139.18,,,197.57,4345.0,2887.5,0.0,147.5,-146.5,64.28809974396081,91.28,99.72
2026-09-26 00:00:00,186.78,909.4,180.54,148.7,,,,,60.51,126.27000000000001,120.03,,,185.54,4239.0,2872.0,0.0,127.0,-103.5,66.1370178468624,91.28,95.5
2026-09-26 00:30:00,178.62,945.9,172.79,232.4,,,,,17.76,160.86,155.03,,,185.54,4137.5,2841.5,0.0,125.0,-65.0,67.61451516954195,91.28,87.34
2026-09-26 01:00:00,174.86,903.6,165.1,174.3,,,,,16.22,158.64000000000001,148.88,,,173.27,4038.0,2757.5,-0.5,129.0,-4.0,68.22117763483423,91.28,83.58000000000001
2026-09-26 01:30:00,171.93,911.6,164.88,199.4,,,,,18.07,153.86,146.81,,,173.27,3943.0,2599.5,0.0,136.0,-7.5,65.80179724085559,91.28,80.65
2026-09-26 02:00:00,167.0,845.5,169.71,167.4,,,,,31.1,135.9,138.61,,,163.95,4004.0,2606.0,-0.5,133.0,33.5,65.92157842157842,91.28,75.72
2026-09-26 02:30:00,168.9,903.8,166.64,266.3,,,,,53.71,115.19,112.92999999999998,,,163.95,4063.0,2540.0,-1.0,122.5,232.0,68.22544917548609,91.28,77.62
2026-09-26 03:00:00,169.93,887.6,164.14,251.5,,,,,78.47,91.46000000000001,85.66999999999999,,,162.14,4010.0,2501.5,-0.5,114.5,319.5,70.3491271820449,91.28,78.65
2026-09-26 03:30:00,167.1,859.7,164.14,246.7,,,,,76.71,90.39,87.42999999999999,,,162.14,3910.0,2304.0,-0.5,120.5,351.0,67.90281329923273,91.28,75.82
2026-09-26 04:00:00,170.09,868.3,164.14,283.6,,,,,79.55,90.54,84.58999999999999,,,164.26,3867.5,2191.0,-0.5,119.0,486.0,69.21784098254686,91.28,78.81
2026-09-26 04:30:00,170.84,837.5,164.14,297.8,,,,,75.81,95.03,88.32999999999998,,,164.26,3830.0,2118.0,0.0,121.5,499.0,68.3289817232376,91.28,79.56
2026-09-26 05:00:00,179.44,851.4,183.94,382.3,,,,,89.75,89.69,94.19,,,173.63,3840.5,2118.0,0.0,122.0,480.5,67.66046087748991,91.28,88.16
2026-09-26 05:30:00,182.01,823.2,194.7,368.6,,,,,101.0,81.00999999999999,93.69999999999999,,,173.63,3830.5,2052.0,0.0,121.0,532.0,67.45855632423967,91.28,90.72999999999999
2026-09-26 06:00:00,192.27,925.8,197.78,466.9,,,,,161.28,30.99000000000001,36.5,,,186.45,3916.5,2027.5,-0.5,120.0,597.0,67.01136218562492,91.28,100.99000000000001
2026-09-26 06:30:00,195.83,924.4,204.36,474.2,,,,,240.61,-44.78,-36.25,,,186.45,4058.5,1896.0,-0.5,114.5,718.0,64.40803252433165,91.28,104.55000000000001
2026-09-26 07:00:00,190.6,972.7,199.34,461.7,,,,,244.14,-53.53999999999999,-44.79999999999998,,,183.0,4179.5,1902.0,-0.5,112.5,677.5,61.71790884077043,91.28,99.32
2026-09-26 07:30:00,192.32,1000.6,201.0,497.4,,,,,238.46,-46.140000000000015,-37.46000000000001,,,183.0,4321.0,1985.5,21.5,104.0,794.5,64.33695903725989,91.28,101.03999999999999
2026-09-26 08:00:00,187.0,1143.0,176.51,662.2,,,,,237.83,-50.83000000000001,-61.32000000000002,,,152.69,4492.0,1815.0,104.5,100.5,1161.5,66.26224398931434,91.28,95.72
2026-09-26 08:30:00,187.57,1223.7,167.2,689.3,,,,,128.56,59.00999999999999,38.639999999999986,,,152.69,4628.5,1825.5,260.0,95.0,1310.0,67.74332937236686,91.28,96.28999999999999
2026-09-26 09:00:00,146.09,1165.8,140.29,545.7,,,,,222.79,-76.69999999999999,-82.5,,,118.31,4723.5,1825.0,416.0,96.0,1344.5,67.10066687837408,91.28,54.81
2026-09-26 09:30:00,135.09,1238.7,127.42,515.9,,,,,254.67,-119.57999999999998,-127.24999999999999,,,118.31,4726.0,1683.0,477.5,99.5,1443.5,66.15531104528142,91.28,43.81
2026-09-26 10:00:00,93.2,1133.2,91.45,402.7,,,,,230.15,-136.95,-138.7,,,81.34,4715.5,1757.5,529.0,102.0,1306.5,64.97720284169229,91.28,1.9200000000000017
2026-09-26 10:30:00,85.5,1181.8,62.83,378.9,,,,,202.27,-116.77000000000001,-139.44,,,81.34,4707.5,1936.0,570.5,101.5,1091.5,64.31226765799256,91.28,-5.780000000000001
2026-09-26 11:00:00,56.9,1116.5,51.14,289.6,54.23,75.1,,,57.56,-0.6600000000000037,-6.420000000000002,-3.3300000000000054,,46.22,4638.0,1983.5,569.0,105.0,1013.0,64.60758947822337,91.28,-34.38
2026-09-26 11:30:00,49.97,1137.3,40.0,336.4,40.0,83.0,,,0.0,49.97,40.0,40.0,,46.22,4569.5,1977.5,622.5,106.0,939.0,63.82536382536382,91.28,-41.31
2026-09-26 12:00:00,40.68,1003.3,38.28,191.2,39.0,55.0,,,0.0,40.68,38.28,39.0,,37.53,4480.5,2091.0,652.0,109.5,790.5,64.3120187479076,91.28,-50.6
2026-09-26 12:30:00,39.53,1064.3,33.51,235.9,34.7,54.2,,,0.0,39.53,33.51,34.7,,37.53,4445.5,2207.5,609.0,111.0,717.5,65.79687324260487,91.28,-51.75
2026-09-26 13:00:00,38.82,1014.9,28.97,163.0,38.57,61.9,,,0.0,38.82,28.97,38.57,,37.65,4396.0,2264.5,648.0,113.0,569.0,64.45632393084622,91.28,-52.46
2026-09-26 13:30:00,37.07,1006.6,26.32,112.6,39.0,64.6,,,0.0,37.07,26.32,39.0,,37.65,4327.0,2202.0,619.5,130.0,398.5,60.09937601109313,91.28,-54.21
2026-09-26 14:00:00,49.97,1018.8,41.0,146.8,50.0,60.8,,,11.9,38.07,29.1,38.1,,58.54,4279.5,2309.5,636.0,135.0,42.0,54.94800794485337,91.28,-41.31
2026-09-26 14:30:00,49.97,974.2,57.73,222.6,66.49,62.3,,,86.1,-36.129999999999995,-28.369999999999997,-19.61,,58.54,4283.5,2520.0,637.5,129.0,-202.5,56.17476593847526,91.28,-41.31
2026-09-26 15:00:00,89.72,1062.6,112.03,336.6,124.66,54.0,,,156.83,-67.11000000000001,-44.80000000000001,-32.170000000000016,,110.36,4328.5,2672.5,556.0,126.0,-366.0,56.928320374906804,91.28,-1.5600000000000023
2026-09-26 15:30:00,98.0,1047.9,133.31,394.3,140.07,52.3,,,206.38,-108.38,-73.07,-66.31,,110.36,4360.5,2561.0,637.5,124.5,-360.0,54.252727465310876,91.28,6.719999999999999
2026-09-26 16:00:00,139.25,1077.8,139.63,344.2,155.23,59.0,,,221.88,-82.63,-82.25,-66.65,,162.57,4462.5,2728.0,584.0,124.0,-410.0,55.98768599281683,91.28,47.97
2026-09-26 16:30:00,155.0,1104.4,152.63,312.2,184.09,59.1,,,168.35,-13.349999999999994,-15.719999999999999,15.740000000000009,,162.57,4634.5,2926.0,433.0,119.5,-313.0,59.14098029307732,91.28,63.72
2026-09-26 17:00:00,194.0,1018.2,205.0,169.9,219.47,62.2,235.0,13.6,256.11,-62.110000000000014,-51.110000000000014,-36.640000000000015,-21.110000000000014,203.19,4782.5,3008.0,387.5,104.0,-33.0,62.4649569099782,91.28,102.72
2026-09-26 17:30:00,206.64,987.1,207.79,210.0,215.32,58.3,281.64,18.9,378.89,-172.25,-171.1,-163.57,-97.25,203.19,4987.0,3261.5,269.0,91.5,79.0,66.98415881291358,91.28,115.35999999999999
2026-09-26 18:00:00,211.52,1020.5,219.91,142.6,229.14,40.4,275.0,8.5,380.56,-169.04,-160.65,-151.42000000000002,-105.56,219.25,5070.0,2940.0,147.5,88.0,171.0,61.36094674556213,91.28,120.24000000000001
2026-09-26 18:30:00,214.0,1023.9,225.91,200.7,235.15,31.6,247.81,8.4,260.89,-46.889999999999986,-34.97999999999999,-25.73999999999998,-13.079999999999984,219.25,5072.5,2697.5,69.5,87.0,309.0,59.27057663873829,91.28,122.72
2026-09-26 19:00:00,217.54,927.3,224.78,267.9,230.0,43.1,280.0,18.4,241.76,-24.22,-16.97999999999999,-11.759999999999991,38.24000000000001,215.93,5116.0,2796.5,13.5,85.5,555.5,65.5199374511337,91.28,126.25999999999999
2026-09-26 19:30:00,215.0,966.1,219.59,309.8,227.3,49.5,234.55,7.4,211.68,3.319999999999993,7.909999999999997,15.620000000000005,22.870000000000005,215.93,5173.5,2903.5,-1.0,87.0,719.0,70.02029573789504,91.28,123.72
2026-09-26 20:00:00,204.63,936.2,222.38,275.7,214.68,61.4,238.93,7.8,217.06,-12.430000000000007,5.319999999999993,-2.3799999999999955,21.870000000000005,197.57,5086.5,2846.5,-1.0,89.5,833.5,72.34837314459844,91.28,113.35
2026-09-26 20:30:00,200.07,994.8,198.19,298.0,209.62,28.8,235.0,12.6,212.69,-12.620000000000005,-14.5,-3.069999999999993,22.310000000000002,197.57,4947.5,2729.0,0.0,92.0,810.0,71.5310763011622,91.28,108.78999999999999
2026-09-26 21:00:00,190.53,938.8,194.2,230.6,202.22,35.2,194.01,8.5,226.15,-35.620000000000005,-31.950000000000017,-23.930000000000007,-32.140000000000015,181.05,4781.5,2781.0,0.0,94.0,662.0,72.00669246052493,91.28,99.25
2026-09-26 21:30:00,184.79,1053.9,189.18,292.1,194.79,37.7,227.0,13.5,254.99,-70.20000000000002,-65.81,-60.20000000000002,-27.99000000000001,181.05,4591.5,2683.0,0.0,98.0,620.5,71.94816508766199,91.28,93.50999999999999
2026-09-26 22:00:00,177.0,900.9,184.1,160.9,198.83,34.7,227.62,19.5,245.07,-68.07,-60.97,-46.23999999999998,-17.44999999999999,172.94,4448.0,2712.0,-0.5,103.5,403.5,70.04271582733813,91.28,85.72
2026-09-26 22:30:00,171.6,949.2,181.77,165.3,181.53,16.7,210.0,11.5,233.51,-61.91,-51.73999999999998,-51.97999999999999,-23.50999999999999,172.94,4292.0,2756.5,-0.5,107.0,243.5,69.89748369058714,91.28,80.32
2026-09-26 23:00:00,185.97,1019.4,186.71,180.5,,,,,278.79,-92.82000000000002,-92.08000000000001,,,184.95,4175.0,2698.5,-1.0,109.5,211.0,69.688622754491,91.28,94.69
2026-09-26 23:30:00,181.37,1034.0,185.09,190.7,,,,,249.41,-68.03999999999999,-64.32,,,184.95,4106.5,2747.0,-0.5,111.0,133.5,70.14489224400342,91.28,90.09
2026-09-27 00:00:00,178.0,943.9,180.33,147.1,,,,,268.94,-90.94,-88.60999999999999,,,179.99,4015.5,2697.0,-0.5,111.5,161.5,71.18665172456731,91.28,86.72
2026-09-27 00:30:00,172.42,946.3,176.72,169.5,,,,,285.5,-113.08000000000001,-108.78,,,179.99,3927.5,2651.0,-0.5,114.0,125.5,70.69382558879694,91.28,81.13999999999999
2026-09-27 01:00:00,171.0,936.9,184.13,153.3,,,,,243.94,-72.94,-59.81,,,174.2,3859.5,2674.5,-1.0,117.5,8.0,69.50382173856717,91.28,79.72
2026-09-27 01:30:00,165.01,872.3,177.15,196.9,,,,,263.71,-98.69999999999999,-86.55999999999997,,,174.2,3767.0,2627.5,-1.0,120.5,-41.5,68.99041617434686,91.28,73.72999999999999
2026-09-27 02:00:00,164.37,875.7,170.56,161.5,,,,,249.45,-85.07999999999998,-78.88999999999999,,,166.23,3838.0,2672.0,-0.5,118.0,1.0,69.64564877540386,91.28,73.09
2026-09-27 02:30:00,162.33,962.7,167.49,176.3,,,,,209.88,-47.54999999999998,-42.389999999999986,,,166.23,3854.0,2630.0,0.0,116.5,61.5,69.8365334717177,91.28,71.05000000000001
2026-09-27 03:00:00,159.61,911.7,175.35,133.4,,,,,267.85,-108.24000000000001,-92.50000000000003,,,162.43,3812.5,2632.0,-0.5,119.5,-5.0,68.94564505566471,91.28,68.33000000000001
2026-09-27 03:30:00,155.0,945.9,165.0,171.2,,,,,275.03,-120.02999999999997,-110.02999999999997,,,162.43,3739.5,2591.5,-1.0,121.0,-10.5,69.10666666666667,91.28,63.72
2026-09-27 04:00:00,152.0,949.4,160.04,133.1,,,,,292.14,-140.14,-132.1,,,156.55,3678.5,2551.0,0.0,121.5,-4.0,69.27359131025119,91.28,60.72
2026-09-27 04:30:00,150.73,993.6,159.16,162.5,,,,,301.44,-150.71,-142.28,,,156.55,3679.0,2555.0,0.0,123.0,-4.0,69.37279391800163,91.28,59.44999999999999
2026-09-27 05:00:00,148.59,974.4,163.8,165.1,,,,,301.77,-153.17999999999998,-137.96999999999997,,,148.59,3649.0,2460.5,0.0,126.5,4.0,67.53905179501233,91.28,57.31
2026-09-27 05:30:00,148.07,952.0,161.44,140.9,,,,,263.02,-114.94999999999999,-101.57999999999998,,,148.59,3655.0,2269.5,-0.5,133.0,96.5,64.73324213406293,91.28,56.78999999999999
2026-09-27 06:00:00,140.64,1062.3,159.31,235.3,,,,,253.04,-112.4,-93.72999999999999,,,139.34,3705.5,1930.5,-0.5,140.5,392.0,62.677101605721234,91.28,49.359999999999985
2026-09-27 06:30:00,144.19,1177.0,157.8,339.4,,,,,268.07,-123.88,-110.26999999999998,,,139.34,3787.0,1593.0,-0.5,142.5,755.5,62.01478743068392,91.28,52.91
2026-09-27 07:00:00,138.64,1300.7,136.03,437.3,,,,,265.1,-126.46000000000004,-129.07000000000002,,,132.94,3924.5,1402.0,0.0,128.5,1120.5,64.27570391132629,91.28,47.359999999999985
2026-09-27 07:30:00,154.4,1453.1,150.03,595.4,,,,,257.38,-102.97999999999999,-107.35,,,132.94,4041.0,1154.5,-1.0,128.5,1399.5,63.20217767879238,91.28,63.120000000000005
2026-09-27 08:00:00,163.24,1645.6,184.4,756.3,,,,,269.53,-106.28999999999996,-85.12999999999997,,,73.34,4198.0,1080.0,7.0,130.0,1485.5,61.11243449261553,91.28,71.96000000000001
2026-09-27 08:30:00,190.95,1630.1,230.69,773.3,,,,,265.04,-74.09000000000003,-34.35000000000002,,,73.34,4386.0,1035.5,24.5,129.5,1485.0,57.466940264477884,91.28,99.66999999999999
2026-09-27 09:00:00,213.2,1639.4,255.07,782.6,,,,,292.94,-79.74000000000001,-37.870000000000005,,,33.58,4599.0,1140.5,53.5,128.0,1484.5,57.077625570776256,91.28,121.91999999999999
2026-09-27 09:30:00,233.12,1604.7,260.21,819.8,,,,,291.5,-58.379999999999995,-31.29000000000002,,,33.58,4736.5,1155.5,117.5,132.0,1485.0,55.747915127203626,91.28,141.84
2026-09-27 10:00:00,240.71,1507.0,260.21,831.4,,,,,290.0,-49.28999999999999,-29.79000000000002,,,4.67,4842.0,1273.0,221.0,122.0,1485.0,56.959933911606775,91.28,149.43
2026-09-27 10:30:00,234.14,1406.6,251.7,805.6,,,,,287.06,-52.920000000000016,-35.360000000000014,,,4.67,4873.5,1187.0,378.0,123.0,1484.5,54.81686672822407,91.28,142.85999999999999
2026-09-27 11:00:00,195.72,1422.9,219.06,861.1,229.6,80.5,,,381.17,-185.45000000000002,-162.11,-151.57000000000002,,5.05,4852.5,1267.5,479.0,121.0,1485.0,56.723338485316845,91.28,104.44
2026-09-27 11:30:00,150.0,1326.8,155.0,794.0,166.0,64.4,,,271.23,-121.23000000000002,-116.23000000000002,-105.23000000000002,,5.05,4835.0,1448.0,634.5,107.0,1485.5,60.67218200620476,91.28,58.72
2026-09-27 12:00:00,115.0,1251.4,95.0,727.3,114.77,75.2,,,258.23,-143.23000000000002,-163.23000000000002,-143.46000000000004,,4.99,4777.0,1687.5,544.0,96.5,1484.5,66.40150722210592,91.28,23.72
2026-09-27 12:30:00,68.74,1302.1,64.89,792.2,90.0,77.1,,,288.53,-219.78999999999996,-223.64,-198.52999999999997,,4.99,4769.5,1739.5,540.5,94.5,1485.5,67.61715064472168,91.28,-22.540000000000006
2026-09-27 13:00:00,35.0,1165.3,17.84,628.2,30.84,57.1,,,48.33,-13.329999999999998,-30.49,-17.49,,4.67,4664.5,1744.5,523.0,97.5,1485.0,69.23571658269911,91.28,-56.28
2026-09-27 13:30:00,20.08,1152.5,5.03,590.6,6.7,59.0,,,0.0,20.08,5.03,6.7,,4.67,4518.0,1614.5,495.0,104.5,1475.0,68.38202744577247,91.28,-71.2
2026-09-27 14:00:00,15.0,1182.7,5.97,476.8,1.07,75.9,,,0.0,15.0,5.97,1.07,,5.03,4378.0,1638.5,481.5,111.0,1347.0,68.19323892188214,91.28,-76.28
2026-09-27 14:30:00,14.73,1206.1,9.53,428.2,7.98,55.4,,,0.0,14.73,9.53,7.98,,5.03,4249.0,1655.0,478.0,116.0,1167.0,66.41562720640151,91.28,-76.55
2026-09-27 15:00:00,33.02,1169.4,10.57,404.0,11.55,75.7,,,0.0,33.02,10.57,11.55,,30.15,4227.5,1809.0,439.0,119.5,843.0,62.73211117681845,91.28,-58.26
2026-09-27 15:30:00,44.27,1226.0,40.0,371.5,27.22,55.4,,,0.0,44.27,40.0,27.22,,30.15,4236.0,1935.0,496.5,112.0,642.5,60.847497639282345,91.28,-47.01
2026-09-27 16:00:00,103.65,1098.3,95.35,210.1,126.58,61.3,,,6.73,96.92,88.61999999999999,119.85,,110.65,4284.0,2259.5,539.0,111.0,278.5,59.2436974789916,91.28,12.370000000000005
2026-09-27 16:30:00,119.98,1158.0,127.82,269.6,118.13,61.2,,,16.38,103.60000000000001,111.44,101.75,,110.65,4441.5,2358.0,525.5,105.0,274.0,59.25925925925925,91.28,28.700000000000003
2026-09-27 17:00:00,174.75,973.2,141.78,167.8,155.0,54.5,185.0,15.1,104.01,70.74,37.769999999999996,50.989999999999995,80.99,182.94,4688.0,2548.5,585.5,100.5,200.5,58.639078498293514,91.28,83.47
2026-09-27 17:30:00,191.47,1021.7,177.18,300.3,187.28,78.4,251.64,16.8,145.63,45.84,31.55000000000001,41.650000000000006,106.00999999999999,182.94,4883.0,2387.0,398.5,113.5,391.5,56.90149498259267,91.28,100.19
2026-09-27 18:00:00,213.16,1184.8,201.1,530.5,195.7,40.0,239.99,9.8,123.91,89.25,77.19,71.78999999999999,116.08000000000001,201.51,4980.5,1970.0,238.0,126.0,787.5,55.36592711575143,91.28,121.88
2026-09-27 18:30:00,235.64,1223.5,215.5,636.7,213.89,39.3,248.09,21.8,188.85,46.78999999999999,26.650000000000006,25.039999999999992,59.24000000000001,201.51,5030.5,1576.0,89.5,133.0,1163.5,54.45780737501242,91.28,144.35999999999999
2026-09-27 19:00:00,235.72,1215.5,206.97,685.9,215.53,29.4,225.0,25.2,137.36,98.35999999999999,69.60999999999999,78.16999999999999,87.63999999999999,200.76,5093.0,1453.0,19.5,125.0,1349.5,55.02650697035146,91.28,144.44
2026-09-27 19:30:00,255.0,1353.8,218.04,803.2,228.85,35.9,225.0,5.5,144.83,110.16999999999999,73.20999999999998,84.01999999999998,80.16999999999999,200.76,5248.5,1455.0,-1.0,113.5,1473.5,55.79689435076689,91.28,163.72
2026-09-27 20:00:00,253.85,1209.0,212.85,780.4,247.71,30.3,225.0,7.3,139.25,114.6,73.6,108.46000000000001,85.75,194.1,5229.0,1323.0,-1.0,107.5,1485.0,53.700516351118765,91.28,162.57
2026-09-27 20:30:00,245.58,1206.3,206.16,813.0,237.3,35.0,225.0,5.3,139.33,106.25,66.82999999999998,97.97,85.66999999999999,194.1,5112.0,1218.0,-1.0,110.5,1485.0,52.875586854460096,91.28,154.3
2026-09-27 21:00:00,290.0,1341.3,248.02,830.6,240.0,48.1,248.9,8.8,262.62,27.379999999999995,-14.599999999999994,-22.620000000000005,-13.719999999999999,183.8,4938.0,1069.5,0.0,126.0,1485.0,51.7314702308627,91.28,198.72
2026-09-27 21:30:00,255.0,1329.0,226.18,857.0,214.83,45.4,274.83,11.7,262.28,-7.279999999999973,-36.099999999999966,-47.44999999999996,12.550000000000011,183.8,4738.5,1011.0,0.0,138.0,1485.0,52.674897119341566,91.28,163.72
2026-09-27 22:00:00,239.92,1292.4,185.08,841.3,209.1,23.6,215.92,12.4,262.05,-22.130000000000024,-76.97,-52.95000000000002,-46.130000000000024,171.33,4553.5,963.5,0.0,147.0,1485.0,53.771823871747,91.28,148.64
2026-09-27 22:30:00,216.11,1265.9,156.44,879.6,157.99,38.6,178.8,24.8,55.09,161.02,101.35,102.9,123.71000000000001,171.33,4357.5,920.5,0.0,159.0,1475.5,54.985656913367755,91.28,124.83000000000001
2026-09-27 23:00:00,191.15,881.3,184.27,575.4,,,,,146.0,45.150000000000006,38.27000000000001,,,156.19,4229.5,938.5,0.0,158.0,1430.0,55.99952713086653,91.28,99.87
2026-09-27 23:30:00,172.5,844.5,174.25,548.6,,,,,129.9,42.599999999999994,44.349999999999994,,,156.19,4107.0,935.0,0.0,164.5,1270.0,53.688823959094236,91.28,81.22
2026-09-28 00:00:00,169.9,766.4,176.02,463.1,,,,,142.82,27.080000000000013,33.20000000000002,,,162.31,4018.0,993.5,0.0,174.0,1096.5,52.01592832254853,91.28,78.62
2026-09-28 00:30:00,168.14,777.7,176.03,439.0,,,,,123.89,44.249999999999986,52.14,,,162.31,3938.0,1030.0,0.0,178.5,968.0,50.73641442356526,91.28,76.85999999999999
2026-09-28 01:00:00,170.02,780.5,175.01,455.8,,,,,109.96,60.06000000000002,65.05,,,163.11,3862.0,1057.5,0.0,180.0,907.0,50.867426204039354,91.28,78.74000000000001
2026-09-28 01:30:00,168.95,753.6,171.0,449.3,,,,,113.67,55.27999999999999,57.33,,,163.11,3804.0,1036.5,0.0,174.5,972.5,52.81282860147214,91.28,77.66999999999999
2026-09-28 02:00:00,176.02,758.5,172.82,472.7,,,,,131.91,44.110000000000014,40.91,,,167.09,3889.0,1078.0,0.0,164.0,1078.5,55.45127282077655,91.28,84.74000000000001
2026-09-28 02:30:00,178.1,749.4,176.0,457.9,,,,,131.99,46.109999999999985,44.00999999999999,,,167.09,3933.5,995.5,0.0,169.0,1107.0,53.45112495233253,91.28,86.82
2026-09-28 03:00:00,180.06,729.1,176.38,426.3,,,,,129.14,50.920000000000016,47.24000000000001,,,171.67,3888.0,1021.0,0.0,165.0,1097.5,54.48816872427984,91.28,88.78
2026-09-28 03:30:00,180.02,700.1,176.34,408.3,,,,,134.28,45.74000000000001,42.06,,,171.67,3844.5,930.0,0.0,178.5,987.5,49.87644687215503,91.28,88.74000000000001
2026-09-28 04:00:00,186.4,651.9,179.79,356.5,,,,,145.37,41.03,34.41999999999999,,,181.44,3796.0,896.5,0.0,181.5,936.0,48.27449947312961,91.28,95.12
2026-09-28 04:30:00,187.26,621.1,177.85,336.8,,,,,130.53,56.72999999999999,47.31999999999999,,,181.44,3789.0,986.5,0.0,176.0,977.0,51.82106096595408,91.28,95.97999999999999
2026-09-28 05:00:00,207.55,632.7,202.32,322.1,,,,,114.76,92.79,87.55999999999999,,,207.55,3837.0,1116.5,0.0,185.0,740.0,48.38415428720354,91.28,116.27000000000001
2026-09-28 05:30:00,210.87,666.9,202.84,276.1,,,,,128.64,82.23000000000002,74.20000000000002,,,207.55,3920.0,1086.0,0.0,172.0,792.5,47.920918367346935,91.28,119.59
2026-09-28 06:00:00,230.0,754.6,221.59,369.9,,,,,143.27,86.72999999999999,78.32,,,235.24,4152.5,1101.0,0.0,183.5,701.5,43.40758579169175,91.28,138.72
2026-09-28 06:30:00,243.2,828.1,236.86,427.3,,,,,143.0,100.19999999999999,93.86000000000001,,,235.24,4447.5,1137.5,0.0,179.0,920.5,46.27318718381113,91.28,151.92
2026-09-28 07:00:00,242.43,885.7,228.48,458.0,,,,,130.49,111.94,97.98999999999998,,,234.95,4870.0,1124.5,0.0,160.5,1146.5,46.63244353182752,91.28,151.15
2026-09-28 07:30:00,252.32,968.5,242.06,533.8,,,,,128.64,123.68,113.42000000000002,,,234.95,5165.5,1109.5,12.5,152.5,1255.5,45.78453199109476,91.28,161.04
2026-09-28 08:00:00,260.84,1008.8,251.88,646.0,,,,,135.69,125.14999999999998,116.19,,,224.02,5340.5,1111.5,114.0,146.5,1446.0,47.88877445932029,91.28,169.55999999999997
2026-09-28 08:30:00,258.97,1054.1,249.9,650.5,,,,,130.22,128.75000000000003,119.68,,,224.02,5358.0,1123.5,317.0,136.5,1485.0,48.68421052631579,91.28,167.69000000000003
2026-09-28 09:00:00,235.0,1062.0,231.35,612.8,,,,,143.16,91.84,88.19,,,198.88,5366.5,1031.5,538.5,138.0,1485.0,46.89276064474052,91.28,143.72
2026-09-28 09:30:00,214.08,1082.0,207.78,539.7,,,,,142.19,71.89000000000001,65.59,,,198.88,5326.0,934.0,629.0,145.5,1413.5,44.076229815996996,91.28,122.80000000000001
2026-09-28 10:00:00,200.6,1087.4,205.09,487.9,,,,,140.18,60.41999999999999,64.91,,,170.97,5202.5,892.5,691.0,146.0,1323.5,42.59490629505046,91.28,109.32
2026-09-28 10:30:00,180.3,1095.1,178.16,453.7,,,,,138.49,41.81,39.66999999999999,,,170.97,5142.0,855.0,903.0,141.0,1190.5,39.780241151302995,91.28,89.02000000000001
2026-09-28 11:00:00,164.79,1098.2,165.04,505.4,157.4,50.0,,,119.77,45.019999999999996,45.269999999999996,37.63000000000001,,144.26,4998.0,740.5,1136.0,143.0,1023.5,35.294117647058826,91.28,73.50999999999999
2026-09-28 11:30:00,165.0,1127.7,165.0,555.8,160.0,55.8,,,88.79,76.21,76.21,71.21,,144.26,4861.0,807.5,1208.5,135.0,972.0,36.60769389014606,91.28,73.72
2026-09-28 12:00:00,164.79,1167.0,161.57,525.5,147.11,43.0,,,74.3,90.49,87.27,72.81000000000002,,139.83,4787.5,862.0,1196.0,134.5,946.0,37.76501305483029,91.28,73.50999999999999
2026-09-28 12:30:00,164.79,1202.1,164.99,554.0,151.68,68.4,,,70.35,94.44,94.64000000000001,81.33000000000001,,139.83,4746.5,979.0,1221.5,122.5,1059.0,42.93690087432845,91.28,73.50999999999999
2026-09-28 13:00:00,162.75,1160.0,165.0,497.9,157.37,57.2,,,117.16,45.59,47.84,40.21000000000001,,145.56,4709.0,1163.0,1167.0,124.0,975.0,45.4024208961563,91.28,71.47
2026-09-28 13:30:00,161.23,1103.9,166.0,464.7,155.1,42.7,,,124.8,36.42999999999999,41.2,30.299999999999997,,145.56,4663.0,1293.5,1103.0,130.0,844.5,45.850310958610336,91.28,69.94999999999999
2026-09-28 14:00:00,168.71,1028.9,166.17,365.3,162.34,38.5,,,98.17,70.54,67.99999999999999,64.17,,164.27,4625.0,1488.0,1113.0,131.0,509.0,43.178378378378376,91.28,77.43
2026-09-28 14:30:00,171.26,998.8,177.08,343.9,170.66,41.5,,,88.62,82.63999999999999,88.46000000000001,82.03999999999999,,164.27,4618.0,1651.5,1172.5,134.5,283.5,41.901255954958856,91.28,79.97999999999999
2026-09-28 15:00:00,187.44,999.4,199.7,337.1,182.47,43.9,,,103.16,84.28,96.53999999999999,79.31,,186.44,4694.5,1672.0,1040.5,149.0,210.5,40.100117158376825,91.28,96.16
2026-09-28 15:30:00,196.02,1006.2,216.6,387.0,196.15,38.9,,,110.57,85.45000000000002,106.03,85.58000000000001,,186.44,4819.5,1783.5,911.5,159.0,120.0,39.49579831932773,91.28,104.74000000000001
2026-09-28 16:00:00,225.0,1030.3,228.85,355.6,220.74,54.9,,,108.64,116.36,120.21,112.10000000000001,,226.43,4969.0,1822.5,744.5,172.5,61.0,37.90501106862548,91.28,133.72
2026-09-28 16:30:00,233.65,1141.7,271.96,246.3,247.98,49.7,,,118.2,115.45,153.76,129.77999999999997,,226.43,5131.5,1773.5,591.0,179.5,64.5,35.817986943388874,91.28,142.37
2026-09-28 17:00:00,284.0,1067.8,310.01,251.5,285.1,31.0,243.03,12.3,113.5,170.5,196.51,171.60000000000002,129.53,292.42,5325.0,1805.5,448.5,185.5,-112.0,33.20765127827846,91.28,192.72
2026-09-28 17:30:00,294.41,1064.9,362.71,207.3,320.46,57.0,242.55,28.4,270.58,23.83000000000004,92.13,49.879999999999995,-28.029999999999973,292.42,5485.5,1829.0,271.0,193.0,-116.5,32.6490539093181,91.28,203.13000000000002
2026-09-28 18:00:00,297.08,1178.1,292.83,202.5,313.34,47.1,301.0,28.7,270.08,27.0,22.75,43.25999999999999,30.920000000000016,312.41,5549.0,1893.0,163.0,180.0,-271.0,32.52577319587629,91.28,205.79999999999998
2026-09-28 18:30:00,298.59,1162.7,319.64,187.4,332.03,34.6,301.0,9.0,512.52,-213.93,-192.88,-180.49,-211.51999999999998,312.41,5576.0,1954.5,60.5,194.0,-407.0,32.667558081230155,91.28,207.30999999999997
2026-09-28 19:00:00,284.0,1086.8,310.22,137.8,301.45,59.1,280.0,14.3,318.76,-34.75999999999999,-8.539999999999964,-17.310000000000002,-38.75999999999999,292.42,5600.5,2087.5,7.0,198.0,-267.0,35.577332765232214,91.28,192.72
2026-09-28 19:30:00,279.6,1131.8,271.9,202.6,280.54,37.3,268.54,10.0,252.39,27.210000000000036,19.50999999999999,28.150000000000034,16.150000000000034,292.42,5714.5,2376.0,-1.0,186.5,-205.5,40.13513513513514,91.28,188.32000000000002
2026-09-28 20:00:00,237.64,1093.7,268.12,171.3,244.86,77.8,228.14,16.6,232.09,5.549999999999983,36.03,12.77000000000001,-3.950000000000017,236.49,5665.5,2624.0,0.0,177.5,-141.5,45.186843464783884,91.28,146.35999999999999
2026-09-28 20:30:00,228.34,1038.9,230.88,187.7,228.34,56.3,237.48,10.0,93.34,135.0,137.54,135.0,144.14,236.49,5516.5,2871.5,0.0,166.5,-144.0,50.728734210758766,91.28,137.06
2026-09-28 21:00:00,207.18,1040.3,214.79,154.2,198.86,72.0,175.68,9.9,96.8,110.38000000000001,117.99,102.06000000000002,78.88000000000001,203.89,5321.0,3006.5,0.0,149.0,-48.0,55.997392438070406,91.28,115.9
2026-09-28 21:30:00,202.71,897.1,190.19,259.0,184.32,19.0,179.0,10.4,81.46,121.25000000000001,108.73,102.86,97.54,203.89,5106.5,3111.0,0.0,152.5,-326.5,57.26118166758697,91.28,111.43
2026-09-28 22:00:00,199.44,891.9,190.71,339.1,182.47,36.2,135.0,10.9,70.41,129.03,120.30000000000001,112.06,64.59,190.12,4889.0,3089.5,0.0,146.0,-218.5,60.489476260401375,91.28,108.16
2026-09-28 22:30:00,191.12,883.6,182.67,338.8,182.47,40.8,162.08,19.1,79.14,111.98,103.52999999999999,103.33,82.94000000000001,190.12,4643.5,3097.0,0.0,140.0,-253.0,63.24925967527826,91.28,99.84
2026-09-28 23:00:00,198.27,1036.4,338.02,245.9,,,,,304.64,-106.36999999999998,33.379999999999995,,,191.16,4474.5,3091.0,0.0,131.5,-179.0,66.42312238100354,91.28,106.99000000000001
2026-09-28 23:30:00,191.16,965.9,196.89,287.5,,,,,269.07,-77.91,-72.18,,,191.16,4315.5,2815.5,0.0,132.0,80.5,67.10694009964084,91.28,99.88
2026-09-29 00:00:00,184.15,805.4,184.19,193.2,,,,,248.21,-64.06,-64.02000000000001,,,181.81,4234.0,2869.5,0.0,135.5,48.0,68.90647142182334,91.28,92.87
2026-09-29 00:30:00,180.8,857.1,175.04,175.4,,,,,150.72,30.080000000000013,24.319999999999993,,,181.81,4171.5,3056.5,0.0,133.0,-130.5,71.04834960483495,91.28,89.52000000000001
2026-09-29 01:00:00,180.04,843.9,168.19,185.2,,,,,54.21,125.82999999999998,113.97999999999999,,,180.12,4115.5,3141.0,0.0,134.5,-248.0,71.98349948435889,91.28,88.75999999999999
2026-09-29 01:30:00,173.1,769.3,160.59,197.2,,,,,7.54,165.56,153.05,,,180.12,4043.0,3098.0,0.0,136.5,-253.5,72.1052019085302,91.28,81.82
2026-09-29 02:00:00,168.17,863.8,171.0,175.7,,,,,74.02,94.14999999999999,96.98,,,170.62,4102.5,3131.0,0.0,137.0,-253.0,71.88612099644128,91.28,76.88999999999999
2026-09-29 02:30:00,165.0,894.1,169.55,193.7,,,,,93.5,71.5,76.05000000000001,,,170.62,4162.5,3207.0,0.0,134.0,-253.0,72.63050617144151,91.28,73.72
2026-09-29 03:00:00,164.0,869.7,165.39,164.2,,,,,51.8,112.2,113.58999999999999,,,166.25,4161.5,3199.5,0.0,134.5,-253.0,72.47706422018348,91.28,72.72
2026-09-29 03:30:00,158.03,749.7,160.92,194.3,,,,,22.92,135.11,138.0,,,166.25,4095.0,3202.5,0.0,133.5,-285.0,73.11643835616438,91.28,66.75
2026-09-29 04:00:00,159.67,808.9,165.79,310.0,,,,,219.51,-59.84,-53.72,,,171.78,4007.5,3159.0,0.0,136.5,-338.0,72.69589230238176,91.28,68.38999999999999
2026-09-29 04:30:00,156.8,936.1,161.13,456.6,,,,,207.38,-50.579999999999984,-46.25,,,171.78,3970.5,3197.0,0.0,138.5,-434.0,72.58485639686684,91.28,65.52000000000001
2026-09-29 05:00:00,164.23,934.0,172.28,421.4,,,,,374.55,-210.32000000000002,-202.27,,,181.22,4003.0,3210.5,0.0,138.5,-434.0,72.35744872661708,91.28,72.94999999999999
2026-09-29 05:30:00,167.5,997.1,173.76,444.9,,,,,400.91,-233.41000000000003,-227.15000000000003,,,181.22,4054.0,3201.5,0.0,138.5,-434.0,71.33467023172906,91.28,76.22
2026-09-29 06:00:00,193.49,1038.8,201.0,332.5,,,,,244.06,-50.56999999999999,-43.06,,,216.46,4264.5,3260.5,0.0,123.5,-417.5,69.63904314395558,91.28,102.21000000000001
2026-09-29 06:30:00,205.0,959.5,217.0,272.1,,,,,285.41,-80.41000000000003,-68.41000000000003,,,216.46,4555.0,3347.5,0.0,115.5,-233.0,69.91436925647452,91.28,113.72
2026-09-29 07:00:00,202.3,1035.5,210.61,281.3,,,,,323.72,-121.42000000000002,-113.11000000000001,,,216.54,4980.0,3625.5,0.0,113.0,-232.5,69.55395683453237,91.28,111.02000000000001
2026-09-29 07:30:00,206.03,1005.3,206.98,214.1,,,,,220.82,-14.789999999999992,-13.840000000000003,,,216.54,5304.5,3692.0,5.5,112.5,-172.5,67.40916560160673,91.28,114.75
2026-09-29 08:00:00,185.0,1150.5,200.4,189.5,,,,,144.42,40.58000000000001,55.98000000000002,,,187.26,5441.5,3798.5,38.0,101.0,-32.0,69.39800858682744,91.28,93.72
2026-09-29 08:30:00,181.44,1130.3,199.09,198.9,,,,,76.17,105.27,122.92,,,187.26,5479.5,3878.5,66.5,98.0,33.5,71.39337530796605,91.28,90.16
2026-09-29 09:00:00,167.3,1180.1,209.43,173.2,,,,,226.92,-59.619999999999976,-17.48999999999998,,,169.25,5563.5,3893.5,107.5,93.5,109.0,71.94212276444684,91.28,76.02000000000001
2026-09-29 09:30:00,161.0,1217.6,198.7,236.9,,,,,219.19,-58.19,-20.49000000000001,,,169.25,5590.0,3883.0,90.0,99.5,38.0,70.14311270125224,91.28,69.72
2026-09-29 10:00:00,135.0,1178.7,159.74,199.5,,,,,161.19,-26.189999999999998,-1.4499999999999886,,,135.2,5555.5,3861.0,79.0,107.0,-41.5,68.98338395569054,91.28,43.72
2026-09-29 10:30:00,128.0,1255.3,153.37,264.9,,,,,283.45,-155.45,-130.07999999999998,,,135.2,5553.5,3807.5,107.0,106.5,7.0,68.68641397317006,91.28,36.72
2026-09-29 11:00:00,103.52,1180.4,131.11,210.5,101.47,60.6,,,252.26,-148.74,-121.14999999999998,-150.79,,101.52,5571.5,3800.0,162.0,101.0,118.5,70.33114960064614,91.28,12.239999999999995
2026-09-29 11:30:00,97.06,1226.7,108.51,199.4,92.66,59.0,,,284.11,-187.05,-175.60000000000002,-191.45000000000002,,101.52,5604.0,3918.5,139.0,96.5,144.5,72.50178443968593,91.28,5.780000000000001
2026-09-29 12:00:00,90.1,1221.4,107.88,233.8,83.66,60.7,,,253.22,-163.12,-145.34,-169.56,,91.97,5607.5,3889.0,126.5,94.5,269.0,74.15069103878734,91.28,-1.1800000000000068
2026-09-29 12:30:00,90.8,1282.1,96.02,258.0,79.98,64.3,,,247.79,-156.99,-151.76999999999998,-167.81,,91.97,5626.0,3842.0,101.5,95.5,347.0,74.45787415570565,91.28,-0.480000000000004
2026-09-29 13:00:00,85.9,1244.8,97.72,221.4,83.22,48.5,,,394.81,-308.90999999999997,-297.09000000000003,-311.59000000000003,,88.01,5637.5,4002.0,125.0,99.0,108.5,72.91352549889135,91.28,-5.3799999999999955
2026-09-29 13:30:00,83.46,1229.8,96.24,229.7,86.15,52.7,,,343.72,-260.26000000000005,-247.48000000000002,-257.57000000000005,,88.01,5563.5,3932.0,121.5,99.5,70.5,71.94212276444684,91.28,-7.820000000000007
2026-09-29 14:00:00,99.4,1257.5,113.29,206.0,100.02,74.5,,,380.46,-281.05999999999995,-267.16999999999996,-280.44,,111.85,5577.0,3908.0,132.5,103.5,-41.5,69.55593129838925,91.28,8.120000000000005
2026-09-29 14:30:00,102.53,1131.5,125.0,226.8,114.31,75.2,,,418.38,-315.85,-293.38,-304.07,,111.85,5562.5,3849.5,164.5,102.5,-60.5,68.45989685221411,91.28,11.25
2026-09-29 15:00:00,132.67,1249.7,146.46,250.2,142.88,63.7,,,380.97,-248.30000000000004,-234.51000000000002,-238.09000000000003,,150.3,5587.5,3862.5,140.0,105.5,-163.0,67.16807234153552,91.28,41.389999999999986
2026-09-29 15:30:00,132.83,1177.6,162.1,315.7,164.32,58.1,,,288.48,-155.65,-126.38000000000002,-124.16000000000003,,150.3,5603.0,3801.0,146.0,111.0,-221.0,65.26442307692307,91.28,41.55000000000001
2026-09-29 16:00:00,165.66,1172.9,180.28,291.1,178.62,37.0,,,252.94,-87.28,-72.66,-74.32,,183.75,5660.5,3686.5,149.0,121.0,-209.5,62.80238500851789,91.28,74.38
2026-09-29 16:30:00,173.0,1167.7,196.24,298.7,195.27,20.3,,,252.91,-79.91,-56.66999999999999,-57.639999999999986,,183.75,5799.0,3661.0,150.0,125.0,-183.5,61.195152528207274,91.28,81.72
2026-09-29 17:00:00,192.44,1216.8,211.57,360.3,221.47,30.8,259.0,8.6,252.0,-59.56,-40.43000000000001,-30.53,7.0,214.86,5883.0,3654.5,146.0,130.0,-183.5,60.240665952361326,91.28,101.16
2026-09-29 17:30:00,197.9,1174.0,211.0,335.8,223.86,28.8,259.0,10.6,252.0,-54.099999999999994,-41.0,-28.139999999999986,7.0,214.86,5890.0,3611.0,110.5,128.5,-183.5,59.4550094673582,91.28,106.62
2026-09-29 18:00:00,197.87,1149.2,211.23,297.7,222.02,21.8,259.0,8.6,252.01,-54.139999999999986,-40.78,-29.98999999999998,6.990000000000009,218.62,5886.0,3655.0,39.5,125.0,-192.5,60.12996627457432,91.28,106.59
2026-09-29 18:30:00,198.15,1191.3,207.52,316.6,218.44,21.8,255.0,8.1,249.85,-51.69999999999999,-42.329999999999984,-31.409999999999997,5.150000000000006,218.62,5862.0,3753.5,13.0,123.0,-202.0,61.898087071240106,91.28,106.87
2026-09-29 19:00:00,190.4,1188.2,203.83,301.8,209.69,60.2,259.0,27.1,250.72,-60.31999999999999,-46.889999999999986,-41.03,8.280000000000001,205.85,5852.0,3803.0,3.0,123.0,-183.5,63.01052108358876,91.28,99.12
2026-09-29 19:30:00,189.39,1214.1,208.16,223.8,204.0,28.8,259.0,7.6,251.81,-62.420000000000016,-43.650000000000006,-47.81,7.189999999999998,205.85,5891.0,3809.0,-1.0,120.5,-85.5,63.73295407010793,91.28,98.10999999999999
2026-09-29 20:00:00,181.75,1142.5,180.67,173.3,185.01,28.1,225.0,9.0,240.72,-58.97,-60.05000000000001,-55.71000000000001,-15.719999999999999,178.34,5774.5,3759.0,-1.0,119.0,-48.0,64.55989695148132,91.28,90.47
2026-09-29 20:30:00,170.98,1306.1,165.04,214.7,167.68,17.9,196.0,8.1,217.61,-46.630000000000024,-52.57000000000002,-49.93000000000001,-21.610000000000014,178.34,5614.5,3688.5,-0.5,116.0,-3.0,65.66088117489987,91.28,79.69999999999999
2026-09-29 21:00:00,156.91,1131.4,173.12,220.4,153.83,30.1,131.0,11.6,205.93,-49.02000000000001,-32.81,-52.099999999999994,-74.93,154.91,5416.0,3642.5,0.0,112.0,10.0,67.4390694239291,91.28,65.63
2026-09-29 21:30:00,147.0,1295.7,148.17,247.3,143.13,17.7,131.0,11.3,198.61,-51.610000000000014,-50.440000000000026,-55.48000000000002,-67.61000000000001,154.91,5187.5,3539.0,0.0,109.5,34.5,68.88674698795181,91.28,55.72
2026-09-29 22:00:00,128.59,1142.2,135.69,181.7,134.78,51.3,169.78,28.4,248.28,-119.69,-112.59,-113.5,-78.5,127.32,4933.0,3410.0,0.0,110.0,-10.5,68.97946798826742,91.28,37.31
2026-09-29 22:30:00,118.01,1108.8,105.53,140.0,114.65,22.9,125.0,9.0,248.13,-130.12,-142.6,-133.48,-123.13,127.32,4685.0,3268.5,0.0,114.0,-74.0,68.680395040975,91.28,26.730000000000004
2026-09-29 23:00:00,101.86,1122.2,97.1,255.2,,,,,0.0,101.86,97.1,,,100.44,4502.0,3139.5,0.0,116.0,-50.5,68.96210873146623,91.28,10.579999999999998
2026-09-29 23:30:00,96.0,1111.8,78.74,262.4,,,,,249.01,-153.01,-170.26999999999998,,,100.44,4385.5,2945.5,-0.5,118.0,75.0,68.87470071827615,91.28,4.719999999999999
2026-09-30 00:00:00,95.0,977.5,76.39,157.4,,,,,214.71,-119.71000000000001,-138.32,,,93.86,4279.0,2730.5,-1.0,121.0,182.5,68.07665342369714,91.28,3.719999999999999
2026-09-30 00:30:00,90.96,1043.7,73.91,255.8,,,,,81.14,9.819999999999993,-7.230000000000004,,,93.86,4179.5,2668.5,0.0,126.5,196.5,68.54886948199545,91.28,-0.3200000000000074
2026-09-30 01:00:00,85.0,1004.5,69.46,246.2,,,,,59.31,25.689999999999998,10.149999999999991,,,86.58,4118.5,2743.0,0.0,132.5,196.0,71.36093237829306,91.28,-6.280000000000001
2026-09-30 01:30:00,84.3,1004.4,70.11,284.7,,,,,67.86,16.439999999999998,2.25,,,86.58,4050.5,2718.5,-0.5,135.0,217.5,72.48487841007282,91.28,-6.980000000000004
2026-09-30 02:00:00,82.86,1019.5,64.85,347.7,,,,,29.05,53.81,35.8,,,77.29,4129.5,2708.5,0.0,132.0,351.0,74.08887274488437,91.28,-8.420000000000002
2026-09-30 02:30:00,83.03,1032.0,64.52,412.2,,,,,43.44,39.59,21.08,,,77.29,4175.0,2591.5,-0.5,132.0,489.0,73.78443113772455,91.28,-8.25
2026-09-30 03:00:00,81.14,945.8,66.38,348.2,,,,,50.76,30.380000000000003,15.619999999999997,,,75.31,4123.0,2591.5,-0.5,134.0,452.5,73.82973562939608,91.28,-10.14
2026-09-30 03:30:00,79.3,971.7,60.91,380.2,,,,,49.35,29.949999999999996,11.559999999999995,,,75.31,4071.5,2621.0,0.0,135.0,349.0,72.94608866511115,91.28,-11.980000000000004
2026-09-30 04:00:00,78.14,842.5,60.91,263.7,,,,,54.7,23.439999999999998,6.209999999999994,,,74.5,3997.0,2637.0,0.0,137.5,224.0,71.57868401300975,91.28,-13.14
2026-09-30 04:30:00,77.82,844.6,58.52,268.4,,,,,35.4,42.419999999999995,23.120000000000005,,,74.5,3957.0,2618.0,0.0,138.0,209.5,71.45564821834724,91.28,-13.460000000000008
2026-09-30 05:00:00,95.68,846.9,72.66,192.8,,,,,59.28,36.400000000000006,13.379999999999995,,,102.62,3985.0,2623.5,0.0,137.0,196.0,70.75282308657465,91.28,4.400000000000006
2026-09-30 05:30:00,103.0,814.7,95.19,171.0,,,,,52.4,50.6,42.79,,,102.62,4053.0,2695.0,0.0,135.0,168.5,70.65136935603256,91.28,11.719999999999999
2026-09-30 06:00:00,151.61,1032.1,141.54,303.7,,,,,78.65,72.96000000000001,62.889999999999986,,,159.54,4285.0,2852.0,-0.5,130.0,200.5,71.23687281213536,91.28,60.33000000000001
2026-09-30 06:30:00,167.5,1035.9,188.41,322.2,,,,,19.52,147.98,168.89,,,159.54,4595.0,3000.0,-0.5,123.0,318.0,72.20892274211099,91.28,76.22
2026-09-30 07:00:00,184.09,1129.6,179.33,358.1,,,,,95.11,88.98,84.22000000000001,,,182.7,5009.0,3007.5,-0.5,119.0,339.0,66.80974246356558,91.28,92.81
2026-09-30 07:30:00,186.0,1036.6,190.0,261.0,,,,,264.96,-78.95999999999998,-74.95999999999998,,,182.7,5309.0,3193.0,10.0,103.5,390.0,67.48916933509136,91.28,94.72
2026-09-30 08:00:00,179.91,1098.5,179.65,288.9,,,,,239.62,-59.71000000000001,-59.97,,,174.91,5436.0,3108.0,64.5,101.5,539.0,67.08977189109639,91.28,88.63
2026-09-30 08:30:00,183.0,1210.3,182.97,403.7,,,,,76.79,106.21,106.17999999999999,,,174.91,5398.5,3019.0,187.5,100.5,630.5,67.6021116976938,91.28,91.72
2026-09-30 09:00:00,170.0,1176.7,183.39,331.5,,,,,350.9,-180.89999999999998,-167.51,,,162.77,5393.0,3021.5,305.0,100.5,565.5,66.51214537363249,91.28,78.72
2026-09-30 09:30:00,162.77,1252.8,163.27,370.5,,,,,355.52,-192.74999999999997,-192.24999999999997,,,162.77,5355.5,3051.5,431.5,98.5,408.0,64.59714312389133,91.28,71.49000000000001
2026-09-30 10:00:00,136.6,1161.2,140.09,212.6,,,,,359.11,-222.51000000000002,-219.02,,,135.19,5234.0,3010.0,505.0,99.5,258.0,62.43790599923577,91.28,45.31999999999999
2026-09-30 10:30:00,134.2,1278.0,125.72,278.3,,,,,352.1,-217.90000000000003,-226.38000000000002,,,135.19,5220.5,2990.5,567.5,98.5,229.5,61.67991571688536,91.28,42.91999999999999
2026-09-30 11:00:00,112.32,1247.8,109.64,222.1,124.61,91.6,,,204.05,-91.73000000000002,-94.41000000000001,-79.44000000000001,,110.9,5083.5,3015.0,582.0,102.5,41.5,60.125897511557,91.28,21.039999999999992
2026-09-30 11:30:00,105.08,1238.0,90.38,197.8,102.27,91.0,,,166.14,-61.05999999999999,-75.75999999999999,-63.86999999999999,,110.9,4950.5,3006.5,622.0,108.0,-202.0,58.35031538088307,91.28,13.799999999999997
2026-09-30 12:00:00,97.0,1250.4,80.98,185.2,102.1,91.7,,,179.23,-82.22999999999999,-98.24999999999999,-77.13,,98.43,4900.5,2958.5,708.0,112.0,-267.5,57.246517027863774,91.28,5.719999999999999
2026-09-30 12:30:00,97.4,1277.8,85.81,188.9,99.9,102.0,,,127.0,-29.599999999999994,-41.19,-27.099999999999994,,98.43,4844.5,2946.5,686.5,113.5,-194.5,58.473903552292114,91.28,6.1200000000000045
2026-09-30 13:00:00,96.79,1224.2,96.8,186.7,114.16,91.6,,,338.27,-241.47999999999996,-241.46999999999997,-224.10999999999999,,104.44,4773.0,2921.0,729.0,113.5,-250.5,58.146710460834086,91.28,5.510000000000005
2026-09-30 13:30:00,96.79,1238.9,99.0,231.3,110.16,68.9,,,271.75,-174.95999999999998,-172.75,-161.59,,104.44,4729.0,2846.0,715.5,110.0,-207.0,57.658022690437605,91.28,5.510000000000005
2026-09-30 14:00:00,108.46,1292.4,111.72,200.1,125.0,73.6,,,260.94,-152.48000000000002,-149.22,-135.94,,116.94,4715.5,2875.0,672.5,111.0,-298.5,57.3394495412844,91.28,17.179999999999993
2026-09-30 14:30:00,112.29,1235.8,116.15,229.9,128.44,70.7,,,305.48,-193.19,-189.33,-177.04000000000002,,116.94,4675.5,2689.5,791.5,111.0,-251.5,54.586969758473714,91.28,21.010000000000005
2026-09-30 15:00:00,137.48,1383.0,127.48,223.4,133.23,72.7,,,67.18,70.29999999999998,60.3,66.04999999999998,,151.6,4734.0,2754.5,673.0,111.0,-174.5,56.11694000203728,91.28,46.19999999999999
2026-09-30 15:30:00,145.78,1192.6,136.31,256.9,143.04,67.8,,,0.0,145.78,136.31,143.04,,151.6,4838.5,2930.0,675.5,110.5,-293.0,57.098314333041024,91.28,54.5
2026-09-30 16:00:00,166.77,1316.6,166.8,266.5,164.72,66.9,,,0.0,166.77,166.8,164.72,,174.92,4940.0,2918.5,689.5,109.5,-207.0,56.702933747814264,91.28,75.49000000000001
2026-09-30 16:30:00,176.5,1125.7,164.91,181.6,165.91,64.4,,,0.0,176.5,164.91,165.91,,174.92,5101.0,2825.5,487.0,126.0,-164.0,53.665716999050325,91.28,85.22
2026-09-30 17:00:00,186.59,1090.2,156.52,180.5,158.58,98.9,145.0,50.3,0.0,186.59,156.52,158.58,145.0,198.15,5282.0,2655.0,399.0,148.0,-252.5,47.97181317192158,91.28,95.31
2026-09-30 17:30:00,201.0,1005.9,189.72,190.9,181.0,68.6,191.0,34.4,51.1,149.9,138.62,129.9,139.9,198.15,5409.0,2530.5,294.5,156.5,3.5,46.84784618228878,91.28,109.72
2026-09-30 18:00:00,217.5,1099.4,196.59,297.5,191.0,62.0,201.0,36.5,117.94,99.56,78.65,73.06,83.06,215.46,5477.5,2458.5,170.0,157.0,211.5,48.74486535828389,91.28,126.22
2026-09-30 18:30:00,223.5,1073.5,209.69,353.7,205.03,46.0,215.0,45.2,123.88,99.62,85.81,81.15,91.12,215.46,5546.0,2437.5,55.0,153.0,418.0,51.487558600793356,91.28,132.22
2026-09-30 19:00:00,224.3,1044.4,213.63,445.0,206.33,36.7,205.0,44.9,67.66,156.64000000000001,145.97,138.67000000000002,137.34,218.8,5588.5,2412.5,5.5,141.0,656.0,54.90739912319943,91.28,133.02
2026-09-30 19:30:00,224.96,1092.5,214.2,479.4,206.47,38.1,220.0,27.9,95.62,129.34,118.57999999999998,110.85,124.38,218.8,5757.5,2504.5,-1.5,129.0,756.0,56.63048198002605,91.28,133.68
2026-09-30 20:00:00,226.88,1107.7,209.22,554.2,204.76,37.5,205.0,27.9,67.92,158.95999999999998,141.3,136.83999999999997,137.07999999999998,204.12,5702.0,2428.5,0.0,135.0,861.5,57.69905296387232,91.28,135.6
2026-09-30 20:30:00,220.2,1153.9,205.17,609.5,191.0,38.8,194.83,21.9,50.92,169.27999999999997,154.25,140.07999999999998,143.91000000000003,204.12,5549.5,2361.5,0.0,145.0,977.0,60.158572844400396,91.28,128.92
2026-09-30 21:00:00,209.85,1040.1,198.19,499.5,185.96,42.0,174.06,21.9,30.66,179.19,167.53,155.3,143.4,192.34,5360.5,2336.0,0.0,141.0,1069.5,63.52952149986009,91.28,118.57
2026-09-30 21:30:00,200.3,1089.3,180.41,545.6,178.62,51.9,188.6,31.9,30.54,169.76000000000002,149.87,148.08,158.06,192.34,5153.5,2243.0,0.0,141.5,1076.5,64.41253517027263,91.28,109.02000000000001
2026-09-30 22:00:00,185.3,894.8,165.48,373.9,162.11,38.1,162.66,36.2,36.31,148.99,129.17,125.80000000000001,126.35,174.26,4902.0,2131.0,0.0,147.0,968.5,63.22929416564668,91.28,94.02000000000001
2026-09-30 22:30:00,178.06,1014.5,169.01,488.0,162.52,41.5,149.2,30.2,93.14,84.92,75.86999999999999,69.38000000000001,56.05999999999999,174.26,4686.5,2134.5,0.0,146.5,800.0,62.61602475194709,91.28,86.78
